ticket_id,created_at,first_response_at,resolved_at,channel,category,subcategory,status,priority,summary,root_cause_tag,next_action
"CX-202608-0120","2026-08-01 08:56:33","2026-08-01 10:40:33","2026-08-01 19:29:45","앱 리뷰","결제·환불","환불 기준","해결","일반","환불 신청 기한과 제외 조건을 확인 요청 (안내 확인 후)","환불 안내 부족 가능성","이용 이력과 환불 기준 확인 후 안내 결과 기록 및 재문의 여부 확인"
"CX-202608-0329","2026-08-01 11:34:13","2026-08-01 16:33:13","2026-08-01 18:56:04","앱 리뷰","해지·변경","구독 해지","해결","일반","구독 해지 후 남은 기간에도 이용할 수 있는지 문의 (모바일 이용)","해지 안내 부족 가능성","해지 상태와 잔여 이용 기간 안내 결과 기록 및 재문의 여부 확인"
"CX-202608-0318","2026-08-01 12:44:48","2026-08-01 14:00:48","2026-08-02 06:22:13","채팅","해지·변경","플랜 변경","해결","일반","이용 중인 플랜을 변경하면 언제 적용되는지 문의 (웹 이용)","변경 조건 확인 필요","플랜 적용 시점과 차액 기준 안내 결과 기록 및 재문의 여부 확인"
"CX-202608-0209","2026-08-01 13:47:35","2026-08-01 14:07:35","2026-08-01 20:59:20","이메일","서비스 이용","기능 사용법","해결","일반","도움말을 읽었지만 기능 실행 위치를 찾지 못함 (이용 중 확인)","사용법 안내 부족 가능성","기능 도움말 제공 및 설명 보완 항목 기록 결과 기록 및 재문의 여부 확인"
"CX-202608-0237","2026-08-01 20:50:17","2026-08-01 21:52:17","2026-08-02 06:00:35","이메일","서비스 이용","이용 방법","해결","높음","이용 이력을 다시 확인하는 방법을 문의 (이용 중 확인)","사용 경로 확인 필요","이용 경로 안내 및 도움말 접근성 검토 결과 기록 및 재문의 여부 확인"
"CX-202608-0407","2026-08-01 21:04:27","2026-08-01 22:40:27","2026-08-02 19:04:49","이메일","의견·요청","신규 기능 요청","해결","일반","이용 현황을 한눈에 확인하는 기능을 제안 (모바일 이용)","추가 수요 확인 필요","요청 목적 기록 및 기존 대안 안내 결과 기록 및 재문의 여부 확인"
"CX-202608-0260","2026-08-01 21:10:41","2026-08-01 21:55:41","2026-08-02 07:57:49","이메일","서비스 이용","기능 사용법","해결","높음","주요 기능을 처음 사용하는 순서를 문의 (설정 화면 확인 중)","사용법 안내 부족 가능성","기능 도움말 제공 및 설명 보완 항목 기록 결과 기록 및 재문의 여부 확인"
"CX-202608-0346","2026-08-02 08:11:46","2026-08-02 08:55:46","2026-08-02 10:54:07","채팅","해지·변경","서비스 종료 절차","해결","일반","종료 신청을 취소할 수 있는 기간을 문의","종료 절차 안내 확인 필요","종료 절차와 사전 확인 항목 안내 결과 기록 및 재문의 여부 확인"
"CX-202608-0073","2026-08-02 10:53:28","2026-08-02 12:19:28","2026-08-05 09:33:20","이메일","가입·온보딩","인증 완료","해결","일반","인증 완료 안내 후 다음 진행 방법을 문의 (모바일 이용)","완료 상태 노출 확인 필요","인증 완료 상태와 후속 단계 안내 결과 기록 및 재문의 여부 확인"
"CX-202608-0189","2026-08-02 12:52:33","2026-08-02 14:45:33","2026-08-02 23:51:03","채팅","서비스 이용","설정 변경","해결","일반","기본 설정으로 되돌리는 방법을 문의 (모바일 이용)","설정 안내 경로 확인 필요","설정 저장 조건과 변경 경로 안내 결과 기록 및 재문의 여부 확인"
"CX-202608-0094","2026-08-02 13:00:18","2026-08-02 14:27:18","2026-08-03 12:40:36","전화","가입·온보딩","가입 절차","해결","일반","가입 신청 후 남은 절차를 확인 요청","가입 절차 안내 확인 필요","가입 단계와 필수 항목 안내 결과 기록 및 재문의 여부 확인"
"CX-202608-0326","2026-08-02 13:45:25","2026-08-02 15:31:25","2026-08-03 06:31:55","채팅","해지·변경","자동결제 해제","해결","높음","자동결제 해제 후 별도 해지 절차가 필요한지 문의","결제 설정 안내 확인 필요","자동결제 설정 상태와 다음 예정일 확인 결과 기록 및 재문의 여부 확인"
"CX-202608-0226","2026-08-02 14:52:22","2026-08-02 16:09:22","2026-08-03 09:11:20","이메일","서비스 이용","이용 방법","해결","일반","중단한 작업을 이어서 진행할 수 있는지 문의 (안내 확인 후)","사용 경로 확인 필요","이용 경로 안내 및 도움말 접근성 검토 결과 기록 및 재문의 여부 확인"
"CX-202608-0152","2026-08-02 16:18:44","2026-08-02 17:59:44","2026-08-05 14:42:09","전화","결제·환불","환불 진행상태","해결","일반","환불 신청 후 처리 상태를 어디서 확인하는지 문의","진행상태 노출 확인 필요","환불 진행상태 확인 후 예상 일정 안내 결과 기록 및 재문의 여부 확인"
"CX-202608-0403","2026-08-02 18:58:18","2026-08-03 04:35:18","2026-08-03 12:14:30","채팅","의견·요청","기능 개선 요청","해결","일반","자주 사용하는 메뉴의 위치를 조정해 달라고 요청 (모바일 이용)","이용 동선 확인 필요","활용 맥락 기록 후 개선 검토 목록 연결 결과 기록 및 재문의 여부 확인"
"CX-202608-0107","2026-08-02 19:25:36","2026-08-02 20:04:36","2026-08-02 23:22:44","이메일","가입·온보딩","초기 설정","해결","일반","초기 설정을 건너뛰었는데 다시 진행할 수 있는지 문의 (첫 이용)","온보딩 안내 부족 가능성","초기 설정 도움말 제공 및 노출 위치 검토 결과 기록 및 재문의 여부 확인"
"CX-202608-0137","2026-08-02 21:02:48","2026-08-03 02:12:48","2026-08-03 10:24:46","앱 리뷰","결제·환불","환불 진행상태","해결","일반","환불 신청 후 처리 상태를 어디서 확인하는지 문의 (안내 확인 후)","진행상태 노출 확인 필요","환불 진행상태 확인 후 예상 일정 안내 결과 기록 및 재문의 여부 확인"
"CX-202608-0082","2026-08-02 21:04:45","2026-08-02 21:38:45","2026-08-03 01:34:06","전화","가입·온보딩","초기 설정","해결","일반","초기 설정을 건너뛰었는데 다시 진행할 수 있는지 문의 (모바일 이용)","온보딩 안내 부족 가능성","초기 설정 도움말 제공 및 노출 위치 검토 결과 기록 및 재문의 여부 확인"
"CX-202608-0196","2026-08-02 22:29:45","2026-08-03 01:40:45","2026-08-03 12:01:16","앱 리뷰","서비스 이용","이용 방법","해결","일반","중단한 작업을 이어서 진행할 수 있는지 문의 (이용 중 확인)","사용 경로 확인 필요","이용 경로 안내 및 도움말 접근성 검토 결과 기록 및 재문의 여부 확인"
"CX-202608-0402","2026-08-03 09:28:53","2026-08-03 10:47:53","2026-08-03 17:45:12","이메일","의견·요청","불편 의견","해결","일반","도움말 검색에서 원하는 설명을 찾기 어렵다는 의견 (모바일 이용)","탐색 불편 가능성","불편 발생 경로를 분류해 운영 검토 요청 결과 기록 및 재문의 여부 확인"
"CX-202608-0291","2026-08-03 10:48:22","2026-08-03 12:34:22","2026-08-05 02:34:20","채팅","오류·장애","접속 장애","해결","일반","연결이 끊겨 진행 중인 작업을 완료하지 못함 (첫 이용)","서비스 장애 영향 가능성","영향 범위 확인 후 장애 처리 담당 연결 결과 기록 및 재문의 여부 확인"
"CX-202608-0354","2026-08-03 12:25:09","2026-08-03 13:44:09","2026-08-04 06:32:04","채팅","정책·혜택","프로모션","해결","일반","진행 중인 프로모션의 참여 조건을 문의 (모바일 이용)","참여 조건 안내 확인 필요","프로모션 기간과 대상 조건 확인 결과 기록 및 재문의 여부 확인"
"CX-202608-0384","2026-08-03 15:42:12","2026-08-03 16:21:12","2026-08-04 13:23:54","이메일","의견·요청","불편 의견","해결","일반","메뉴 이름이 비슷해 구분하기 어렵다는 의견 (모바일 이용)","탐색 불편 가능성","불편 발생 경로를 분류해 운영 검토 요청 결과 기록 및 재문의 여부 확인"
"CX-202608-0399","2026-08-03 17:33:34","2026-08-04 00:35:34","2026-08-04 21:46:03","앱 리뷰","의견·요청","기능 개선 요청","해결","일반","자주 사용하는 메뉴의 위치를 조정해 달라고 요청 (첫 이용)","이용 동선 확인 필요","활용 맥락 기록 후 개선 검토 목록 연결 결과 기록 및 재문의 여부 확인"
"CX-202608-0323","2026-08-04 08:31:01","2026-08-04 15:05:01","2026-08-07 12:35:38","앱 리뷰","해지·변경","플랜 변경","해결","일반","플랜 변경에 따른 차액 처리 기준을 문의 (모바일 이용)","변경 조건 확인 필요","플랜 적용 시점과 차액 기준 안내 결과 기록 및 재문의 여부 확인"
"CX-202608-0332","2026-08-04 09:07:44","2026-08-04 10:35:44","2026-08-04 19:21:07","채팅","해지·변경","구독 해지","해결","일반","해지 신청이 정상 접수되었는지 확인 요청","해지 안내 부족 가능성","해지 상태와 잔여 이용 기간 안내 결과 기록 및 재문의 여부 확인"
"CX-202608-0086","2026-08-04 09:38:50","2026-08-04 11:13:50","2026-08-04 17:49:29","이메일","가입·온보딩","가입 절차","해결","일반","가입 도중 중단한 내용을 이어서 입력할 수 있는지 문의","가입 절차 안내 확인 필요","가입 단계와 필수 항목 안내 결과 기록 및 재문의 여부 확인"
"CX-202608-0160","2026-08-04 10:33:04","2026-08-04 11:07:04","2026-08-05 14:13:44","이메일","결제·환불","결제수단 변경","해결","일반","다음 결제부터 다른 결제수단을 사용하고 싶음 (모바일 이용)","결제 설정 경로 확인 필요","결제수단 변경 경로와 적용 시점 안내 결과 기록 및 재문의 여부 확인"
"CX-202608-0156","2026-08-04 12:56:26","2026-08-04 13:21:26","2026-08-05 04:34:14","전화","결제·환불","결제 실패","해결","일반","결제 시도 후 서비스 이용 권한이 반영되지 않음","결제 상태 확인 필요","승인 내역과 이용 권한 반영 상태 확인 결과 기록 및 재문의 여부 확인"
"CX-202608-0325","2026-08-04 14:19:09","2026-08-04 16:09:09","2026-08-04 19:19:57","이메일","해지·변경","구독 해지","해결","일반","구독 해지 후 남은 기간에도 이용할 수 있는지 문의","해지 안내 부족 가능성","해지 상태와 잔여 이용 기간 안내 결과 기록 및 재문의 여부 확인"
"CX-202608-0376","2026-08-04 14:37:12","2026-08-04 16:05:12","2026-08-05 09:50:15","전화","정책·혜택","프로모션","해결","일반","이전 참여 이력이 있어도 행사에 참여할 수 있는지 문의 (웹 이용)","참여 조건 안내 확인 필요","프로모션 기간과 대상 조건 확인 결과 기록 및 재문의 여부 확인"
"CX-202608-0243","2026-08-04 16:22:33","2026-08-04 18:57:33","2026-08-05 03:06:11","앱 리뷰","서비스 이용","기능 사용법","해결","높음","도움말을 읽었지만 기능 실행 위치를 찾지 못함 (재이용)","사용법 안내 부족 가능성","기능 도움말 제공 및 설명 보완 항목 기록 결과 기록 및 재문의 여부 확인"
"CX-202608-0299","2026-08-04 16:56:38","2026-08-05 10:00:38","2026-08-06 09:29:54","채팅","오류·장애","화면 오류","해결","일반","목록 화면이 빈 상태로 표시되어 확인 요청 (웹 이용)","화면 표시 오류 확인 필요","화면 환경과 데이터 갱신 상태 확인 결과 기록 및 재문의 여부 확인"
"CX-202608-0255","2026-08-04 18:33:05","2026-08-04 18:53:05","2026-08-07 08:37:47","이메일","서비스 이용","설정 변경","해결","일반","기본 설정으로 되돌리는 방법을 문의 (웹 이용)","설정 안내 경로 확인 필요","설정 저장 조건과 변경 경로 안내 결과 기록 및 재문의 여부 확인"
"CX-202608-0320","2026-08-04 20:40:18","2026-08-04 21:05:18","2026-08-07 10:33:28","전화","해지·변경","자동결제 해제","해결","일반","다음 자동결제를 중지하는 방법을 문의 (모바일 이용)","결제 설정 안내 확인 필요","자동결제 설정 상태와 다음 예정일 확인 결과 기록 및 재문의 여부 확인"
"CX-202608-0067","2026-08-04 21:42:10","2026-08-04 23:02:10","2026-08-05 21:22:25","전화","계정·접근","비밀번호 재설정","해결","일반","비밀번호 변경 안내 메일의 유효시간을 문의","사용 경로 확인 필요","재설정 링크와 안내 절차 확인 결과 기록 및 재문의 여부 확인"
"CX-202608-0242","2026-08-05 09:54:24","2026-08-06 05:09:24","2026-08-07 16:58:50","채팅","서비스 이용","이용 방법","해결","일반","이용 이력을 다시 확인하는 방법을 문의 (안내 확인 후)","사용 경로 확인 필요","이용 경로 안내 및 도움말 접근성 검토 결과 기록 및 재문의 여부 확인"
"CX-202608-0208","2026-08-05 11:30:13","2026-08-05 12:59:13","2026-08-05 14:52:31","전화","서비스 이용","콘텐츠/기능 접근","해결","일반","이용 가능한 기능의 범위를 확인 요청","접근 조건 안내 확인 필요","이용 권한과 접근 조건 대조 후 안내 결과 기록 및 재문의 여부 확인"
"CX-202608-0383","2026-08-05 14:03:29","2026-08-05 17:39:29","2026-08-06 00:18:14","앱 리뷰","의견·요청","기능 개선 요청","해결","일반","반복 입력 항목을 줄일 수 있도록 개선 요청 (웹 이용)","이용 동선 확인 필요","활용 맥락 기록 후 개선 검토 목록 연결 결과 기록 및 재문의 여부 확인"
"CX-202608-0360","2026-08-05 14:24:00","2026-08-05 16:12:00","2026-08-06 00:59:03","전화","정책·혜택","할인 조건","해결","일반","여러 할인 중 함께 적용할 수 있는 항목을 문의 (모바일 이용)","할인 조건 확인 필요","할인 적용 기준과 중복 조건 대조 결과 기록 및 재문의 여부 확인"
"CX-202608-0356","2026-08-05 17:03:12","2026-08-06 08:33:12","2026-08-06 10:21:11","채팅","정책·혜택","할인 조건","해결","높음","예상한 할인 금액과 실제 표시 금액이 다름","할인 조건 확인 필요","할인 적용 기준과 중복 조건 대조 결과 기록 및 재문의 여부 확인"
"CX-202608-0396","2026-08-05 18:26:07","2026-08-05 19:53:07","2026-08-06 16:33:00","이메일","의견·요청","기능 개선 요청","해결","일반","이용 이력을 더 쉽게 찾을 수 있도록 제안","이용 동선 확인 필요","활용 맥락 기록 후 개선 검토 목록 연결 결과 기록 및 재문의 여부 확인"
"CX-202608-0095","2026-08-05 18:33:40","2026-08-05 20:19:40","2026-08-06 20:37:34","채팅","가입·온보딩","사용 시작 방법","해결","높음","첫 이용에 필요한 준비 사항을 확인 요청","사용 시작 경로 확인 필요","첫 이용 가이드와 시작 경로 안내 결과 기록 및 재문의 여부 확인"
"CX-202608-0233","2026-08-06 09:05:35","2026-08-06 11:05:35","2026-08-09 15:58:04","이메일","서비스 이용","설정 변경","해결","일반","설정 변경 후 적용 여부를 어디서 확인하는지 문의","설정 안내 경로 확인 필요","설정 저장 조건과 변경 경로 안내 결과 기록 및 재문의 여부 확인"
"CX-202608-0055","2026-08-06 10:45:32","2026-08-06 20:29:32","2026-08-07 18:53:41","채팅","계정·접근","로그인 실패","해결","높음","비밀번호 입력 후에도 로그인 화면으로 돌아옴 (웹 이용)","인증 오류 확인 필요","인증 상태 및 오류 로그 확인 결과 기록 및 재문의 여부 확인"
"CX-202608-0141","2026-08-06 11:50:35","2026-08-06 13:30:35","2026-08-07 00:48:50","전화","결제·환불","환불 진행상태","해결","일반","환불 신청 후 처리 상태를 어디서 확인하는지 문의 (첫 이용)","진행상태 노출 확인 필요","환불 진행상태 확인 후 예상 일정 안내 결과 기록 및 재문의 여부 확인"
"CX-202608-0221","2026-08-06 12:02:24","2026-08-06 13:56:24","2026-08-07 11:21:11","이메일","서비스 이용","기능 사용법","해결","일반","이용 중인 기능의 기본 동작 방식을 확인 요청 (도움말 확인 후)","사용법 안내 부족 가능성","기능 도움말 제공 및 설명 보완 항목 기록 결과 기록 및 재문의 여부 확인"
"CX-202608-0149","2026-08-06 12:48:06","2026-08-06 14:15:06","2026-08-08 00:44:34","채팅","결제·환불","중복 결제","해결","높음","결제 내역에 동일한 금액이 두 건 표시됨","중복 승인 여부 확인 필요","거래 식별값 대조 후 중복 여부 확인 결과 기록 및 재문의 여부 확인"
"CX-202608-0298","2026-08-06 14:17:42","2026-08-06 14:48:42","2026-08-07 19:10:58","이메일","오류·장애","기능 작동 오류","해결","높음","저장 버튼을 눌렀지만 변경 내용이 반영되지 않음","추가 로그 확인 필요","발생 시각과 재현 절차 확인 후 담당 이관 결과 기록 및 재문의 여부 확인"
"CX-202608-0087","2026-08-06 16:10:12","2026-08-06 17:09:12","2026-08-07 02:44:47","채팅","가입·온보딩","초기 설정","해결","일반","초기 설정을 건너뛰었는데 다시 진행할 수 있는지 문의 (재이용)","온보딩 안내 부족 가능성","초기 설정 도움말 제공 및 노출 위치 검토 결과 기록 및 재문의 여부 확인"
"CX-202608-0159","2026-08-06 16:13:46","2026-08-06 18:08:46","2026-08-07 08:36:21","채팅","결제·환불","결제 실패","해결","높음","결제 완료 화면이 나타나지 않아 이용을 진행하지 못함","결제 상태 확인 필요","승인 내역과 이용 권한 반영 상태 확인 결과 기록 및 재문의 여부 확인"
"CX-202608-0054","2026-08-06 17:40:12","2026-08-06 18:31:12","2026-08-07 00:57:37","채팅","계정·접근","계정 정보 변경","해결","일반","연락처 변경 후 다시 인증해야 하는지 문의 (모바일 이용)","안내 부족 가능성","정보 변경 경로와 인증 조건 안내 결과 기록 및 재문의 여부 확인"
"CX-202608-0372","2026-08-06 18:24:30","2026-08-06 20:22:30","2026-08-07 09:27:37","앱 리뷰","정책·혜택","혜택 적용","해결","일반","받은 혜택을 어디에서 사용하는지 문의 (웹 이용)","혜택 상태 확인 필요","혜택 사용 이력과 적용 상태 확인 결과 기록 및 재문의 여부 확인"
"CX-202608-0099","2026-08-06 19:21:14","2026-08-06 20:10:14","2026-08-07 11:44:40","채팅","가입·온보딩","초기 설정","해결","일반","가입 완료 후 초기 설정 메뉴 위치를 찾지 못함 (재이용)","온보딩 안내 부족 가능성","초기 설정 도움말 제공 및 노출 위치 검토 결과 기록 및 재문의 여부 확인"
"CX-202608-0197","2026-08-06 19:58:27","2026-08-06 21:49:27","2026-08-07 06:42:07","전화","서비스 이용","설정 변경","해결","일반","변경한 설정이 다음 이용에도 유지되는지 문의 (모바일 이용)","설정 안내 경로 확인 필요","설정 저장 조건과 변경 경로 안내 결과 기록 및 재문의 여부 확인"
"CX-202608-0241","2026-08-06 20:25:34","2026-08-06 22:10:34","2026-08-07 15:23:23","앱 리뷰","서비스 이용","이용 방법","해결","일반","자주 사용하는 메뉴에 빠르게 접근하는 방법을 문의 (모바일 이용)","사용 경로 확인 필요","이용 경로 안내 및 도움말 접근성 검토 결과 기록 및 재문의 여부 확인"
"CX-202608-0369","2026-08-06 20:51:40","2026-08-07 01:32:40","2026-08-07 12:04:14","앱 리뷰","정책·혜택","프로모션","해결","일반","프로모션 참여가 정상 반영되었는지 확인 요청","참여 조건 안내 확인 필요","프로모션 기간과 대상 조건 확인 결과 기록 및 재문의 여부 확인"
"CX-202608-0231","2026-08-06 21:19:11","2026-08-06 22:26:11","2026-08-07 11:52:23","전화","서비스 이용","기능 사용법","해결","일반","이용 중인 기능의 기본 동작 방식을 확인 요청 (이용 중 확인)","사용법 안내 부족 가능성","기능 도움말 제공 및 설명 보완 항목 기록 결과 기록 및 재문의 여부 확인"
"CX-202608-0123","2026-08-07 12:29:00","2026-08-07 12:57:00","2026-08-08 00:45:08","이메일","결제·환불","환불 기준","해결","높음","환불 가능한 금액이 어떻게 계산되는지 문의 (모바일 이용)","환불 안내 부족 가능성","이용 이력과 환불 기준 확인 후 안내 결과 기록 및 재문의 여부 확인"
"CX-202608-0085","2026-08-07 12:36:36","2026-08-07 19:23:36","2026-08-08 16:15:17","앱 리뷰","가입·온보딩","초기 설정","해결","일반","처음 이용할 때 필요한 설정 순서를 문의 (웹 이용)","온보딩 안내 부족 가능성","초기 설정 도움말 제공 및 노출 위치 검토 결과 기록 및 재문의 여부 확인"
"CX-202608-0224","2026-08-07 18:46:20","2026-08-07 20:00:20","2026-08-08 07:52:08","채팅","서비스 이용","이용 방법","해결","높음","이용 이력을 다시 확인하는 방법을 문의 (첫 이용)","사용 경로 확인 필요","이용 경로 안내 및 도움말 접근성 검토 결과 기록 및 재문의 여부 확인"
"CX-202608-0194","2026-08-07 19:51:27","2026-08-07 21:34:27","2026-08-08 11:27:28","채팅","서비스 이용","기능 사용법","해결","일반","도움말을 읽었지만 기능 실행 위치를 찾지 못함 (웹 이용)","사용법 안내 부족 가능성","기능 도움말 제공 및 설명 보완 항목 기록 결과 기록 및 재문의 여부 확인"
"CX-202608-0262","2026-08-07 20:14:54","2026-08-07 21:17:54","2026-08-08 13:15:22","전화","서비스 이용","설정 변경","해결","일반","변경한 설정이 다음 이용에도 유지되는지 문의 (이용 중 확인)","설정 안내 경로 확인 필요","설정 저장 조건과 변경 경로 안내 결과 기록 및 재문의 여부 확인"
"CX-202608-0119","2026-08-07 22:11:24","2026-08-07 22:25:24","2026-08-08 04:54:11","채팅","결제·환불","환불 기준","해결","일반","사용을 시작한 뒤에도 환불할 수 있는지 문의 (웹 이용)","환불 안내 부족 가능성","이용 이력과 환불 기준 확인 후 안내 결과 기록 및 재문의 여부 확인"
"CX-202608-0276","2026-08-07 22:34:04","2026-08-07 23:59:04","2026-08-08 14:15:29","이메일","오류·장애","화면 오류","해결","일반","목록 화면이 빈 상태로 표시되어 확인 요청","화면 표시 오류 확인 필요","화면 환경과 데이터 갱신 상태 확인 결과 기록 및 재문의 여부 확인"
"CX-202608-0118","2026-08-08 15:54:09","2026-08-08 16:13:09","2026-08-08 23:11:51","이메일","가입·온보딩","사용 시작 방법","해결","일반","가입 후 서비스를 어디서 시작하는지 문의 (웹 이용)","사용 시작 경로 확인 필요","첫 이용 가이드와 시작 경로 안내 결과 기록 및 재문의 여부 확인"
"CX-202608-0215","2026-08-08 16:03:57","2026-08-08 16:25:57","2026-08-09 00:47:38","채팅","서비스 이용","콘텐츠/기능 접근","해결","높음","이용 가능한 기능의 범위를 확인 요청 (모바일 이용)","접근 조건 안내 확인 필요","이용 권한과 접근 조건 대조 후 안내 결과 기록 및 재문의 여부 확인"
"CX-202608-0230","2026-08-08 19:17:32","2026-08-08 21:37:32","2026-08-08 23:15:10","앱 리뷰","서비스 이용","설정 변경","해결","일반","설정 변경 후 적용 여부를 어디서 확인하는지 문의 (첫 이용)","설정 안내 경로 확인 필요","설정 저장 조건과 변경 경로 안내 결과 기록 및 재문의 여부 확인"
"CX-202608-0227","2026-08-08 19:41:08","2026-08-09 06:19:08","2026-08-09 22:18:34","채팅","서비스 이용","콘텐츠/기능 접근","해결","일반","이용 가능한 기능의 범위를 확인 요청 (웹 이용)","접근 조건 안내 확인 필요","이용 권한과 접근 조건 대조 후 안내 결과 기록 및 재문의 여부 확인"
"CX-202608-0258","2026-08-08 19:56:29","2026-08-08 21:23:29","2026-08-09 21:44:35","채팅","서비스 이용","기능 사용법","해결","일반","이용 중인 기능의 기본 동작 방식을 확인 요청 (모바일 이용)","사용법 안내 부족 가능성","기능 도움말 제공 및 설명 보완 항목 기록 결과 기록 및 재문의 여부 확인"
"CX-202608-0267","2026-08-08 22:43:17","2026-08-08 23:22:17","2026-08-10 02:30:27","이메일","오류·장애","앱 오류","해결","높음","앱에서 특정 메뉴를 열면 응답이 멈춤 (웹 이용)","앱 환경 확인 필요","앱 버전과 발생 환경 확인 후 재현 요청 결과 기록 및 재문의 여부 확인"
"CX-202608-0317","2026-08-09 08:51:57","2026-08-09 17:17:57","2026-08-10 14:00:40","채팅","해지·변경","플랜 변경","해결","일반","현재 플랜과 다른 플랜의 이용 범위를 확인 요청","변경 조건 확인 필요","플랜 적용 시점과 차액 기준 안내 결과 기록 및 재문의 여부 확인"
"CX-202608-0112","2026-08-09 13:10:02","2026-08-09 14:06:02","2026-08-10 10:43:40","채팅","가입·온보딩","가입 절차","해결","일반","가입에 필수인 정보와 선택 정보를 구분해 달라고 요청","가입 절차 안내 확인 필요","가입 단계와 필수 항목 안내 결과 기록 및 재문의 여부 확인"
"CX-202608-0064","2026-08-09 16:27:13","2026-08-09 18:06:13","2026-08-10 20:35:52","채팅","계정·접근","로그인 실패","해결","일반","로그인 시도가 반복 실패해 이용을 시작하지 못함 (안내 확인 후)","인증 오류 확인 필요","인증 상태 및 오류 로그 확인 결과 기록 및 재문의 여부 확인"
"CX-202608-0193","2026-08-09 18:44:22","2026-08-09 20:22:22","2026-08-10 16:52:16","채팅","서비스 이용","기능 사용법","해결","일반","도움말을 읽었지만 기능 실행 위치를 찾지 못함 (첫 이용)","사용법 안내 부족 가능성","기능 도움말 제공 및 설명 보완 항목 기록 결과 기록 및 재문의 여부 확인"
"CX-202608-0397","2026-08-09 20:51:55","2026-08-09 22:18:55","2026-08-12 03:52:19","전화","의견·요청","불편 의견","해결","일반","메뉴 이름이 비슷해 구분하기 어렵다는 의견","탐색 불편 가능성","불편 발생 경로를 분류해 운영 검토 요청 결과 기록 및 재문의 여부 확인"
"CX-202608-0142","2026-08-10 10:28:09","2026-08-10 11:50:09","2026-08-11 19:39:29","채팅","결제·환불","환불 기준","해결","일반","환불 신청 기한과 제외 조건을 확인 요청 (웹 이용)","환불 안내 부족 가능성","이용 이력과 환불 기준 확인 후 안내 결과 기록 및 재문의 여부 확인"
"CX-202608-0068","2026-08-10 14:51:20","2026-08-10 15:37:20","2026-08-11 21:36:34","채팅","계정·접근","인증 오류","해결","일반","본인 인증 단계에서 다음 화면으로 넘어가지 않음 (이용 중 확인)","인증 전달 경로 확인 필요","인증 발송 이력과 만료 조건 확인 결과 기록 및 재문의 여부 확인"
"CX-202608-0408","2026-08-10 15:36:00","2026-08-10 15:49:00","2026-08-10 18:18:18","이메일","의견·요청","불편 의견","해결","일반","안내 문구가 길어 핵심 내용을 찾기 어렵다는 의견 (웹 이용)","탐색 불편 가능성","불편 발생 경로를 분류해 운영 검토 요청 결과 기록 및 재문의 여부 확인"
"CX-202608-0312","2026-08-10 15:45:00","2026-08-10 16:37:00","2026-08-10 21:43:15","이메일","오류·장애","접속 장애","해결","높음","접속 대기 화면이 계속 표시되어 확인 요청 (웹 이용)","서비스 장애 영향 가능성","영향 범위 확인 후 장애 처리 담당 연결 결과 기록 및 재문의 여부 확인"
"CX-202608-0195","2026-08-10 19:07:49","2026-08-10 21:42:49","2026-08-11 20:25:02","앱 리뷰","서비스 이용","이용 방법","해결","일반","이용 이력을 다시 확인하는 방법을 문의","사용 경로 확인 필요","이용 경로 안내 및 도움말 접근성 검토 결과 기록 및 재문의 여부 확인"
"CX-202608-0116","2026-08-10 19:23:41","2026-08-10 19:33:41","2026-08-11 09:21:37","채팅","가입·온보딩","초기 설정","해결","일반","초기 설정을 건너뛰었는데 다시 진행할 수 있는지 문의","온보딩 안내 부족 가능성","초기 설정 도움말 제공 및 노출 위치 검토 결과 기록 및 재문의 여부 확인"
"CX-202608-0270","2026-08-10 20:34:00","2026-08-10 20:44:00","2026-08-11 08:45:42","이메일","오류·장애","접속 장애","해결","일반","접속 대기 화면이 계속 표시되어 확인 요청 (재이용)","서비스 장애 영향 가능성","영향 범위 확인 후 장애 처리 담당 연결 결과 기록 및 재문의 여부 확인"
"CX-202608-0272","2026-08-10 21:04:45","2026-08-10 21:19:45","2026-08-11 09:26:15","채팅","오류·장애","기능 작동 오류","해결","일반","반복 실행해도 요청한 작업이 완료되지 않음","추가 로그 확인 필요","발생 시각과 재현 절차 확인 후 담당 이관 결과 기록 및 재문의 여부 확인"
"CX-202608-0050","2026-08-10 21:30:33","2026-08-10 22:29:33","2026-08-11 19:59:35","채팅","계정·접근","로그인 실패","해결","일반","비밀번호 입력 후에도 로그인 화면으로 돌아옴 (안내 확인 후)","인증 오류 확인 필요","인증 상태 및 오류 로그 확인 결과 기록 및 재문의 여부 확인"
"CX-202608-0186","2026-08-10 21:32:03","2026-08-10 22:10:03","2026-08-13 19:41:35","전화","서비스 이용","기능 사용법","해결","일반","도움말을 읽었지만 기능 실행 위치를 찾지 못함 (문의 재접수)","사용법 안내 부족 가능성","기능 도움말 제공 및 설명 보완 항목 기록 결과 기록 및 재문의 여부 확인"
"CX-202608-0058","2026-08-10 21:33:59","2026-08-10 21:45:59","2026-08-12 05:45:03","채팅","계정·접근","로그인 실패","해결","일반","비밀번호 입력 후에도 로그인 화면으로 돌아옴 (재이용)","인증 오류 확인 필요","인증 상태 및 오류 로그 확인 결과 기록 및 재문의 여부 확인"
"CX-202608-0306","2026-08-10 22:18:04","2026-08-10 22:53:04","2026-08-12 09:40:39","전화","오류·장애","접속 장애","해결","긴급","접속 대기 화면이 계속 표시되어 확인 요청 (이용 중 확인)","서비스 장애 영향 가능성","영향 범위 확인 후 장애 처리 담당 연결 결과 기록 및 재문의 여부 확인"
"CX-202608-0240","2026-08-11 08:55:46","2026-08-11 09:35:46","2026-08-13 12:08:06","채팅","서비스 이용","기능 사용법","해결","일반","주요 기능을 처음 사용하는 순서를 문의 (문의 재접수)","사용법 안내 부족 가능성","기능 도움말 제공 및 설명 보완 항목 기록 결과 기록 및 재문의 여부 확인"
"CX-202608-0104","2026-08-11 11:29:10","2026-08-11 12:38:10","2026-08-11 19:46:41","채팅","가입·온보딩","초기 설정","해결","높음","가입 완료 후 초기 설정 메뉴 위치를 찾지 못함","온보딩 안내 부족 가능성","초기 설정 도움말 제공 및 노출 위치 검토 결과 기록 및 재문의 여부 확인"
"CX-202608-0406","2026-08-11 12:31:15","2026-08-11 14:00:15","2026-08-12 09:00:57","채팅","의견·요청","기능 개선 요청","해결","일반","이용 이력을 더 쉽게 찾을 수 있도록 제안 (첫 이용)","이용 동선 확인 필요","활용 맥락 기록 후 개선 검토 목록 연결 결과 기록 및 재문의 여부 확인"
"CX-202608-0114","2026-08-11 12:36:31","2026-08-11 13:20:31","2026-08-12 14:04:46","채팅","가입·온보딩","사용 시작 방법","해결","일반","첫 이용에 필요한 준비 사항을 확인 요청 (모바일 이용)","사용 시작 경로 확인 필요","첫 이용 가이드와 시작 경로 안내 결과 기록 및 재문의 여부 확인"
"CX-202608-0111","2026-08-11 13:58:34","2026-08-11 14:38:34","2026-08-11 17:34:14","전화","가입·온보딩","가입 절차","해결","높음","가입 신청 후 남은 절차를 확인 요청 (웹 이용)","가입 절차 안내 확인 필요","가입 단계와 필수 항목 안내 결과 기록 및 재문의 여부 확인"
"CX-202608-0247","2026-08-11 14:54:31","2026-08-11 16:33:31","2026-08-12 00:35:46","전화","서비스 이용","기능 사용법","해결","높음","이용 중인 기능의 기본 동작 방식을 확인 요청","사용법 안내 부족 가능성","기능 도움말 제공 및 설명 보완 항목 기록 결과 기록 및 재문의 여부 확인"
"CX-202608-0108","2026-08-11 15:57:24","2026-08-11 17:42:24","2026-08-11 22:27:11","채팅","가입·온보딩","사용 시작 방법","해결","일반","사용 시작 안내를 다시 볼 수 있는지 문의 (첫 이용)","사용 시작 경로 확인 필요","첫 이용 가이드와 시작 경로 안내 결과 기록 및 재문의 여부 확인"
"CX-202608-0203","2026-08-11 16:09:40","2026-08-11 16:53:40","2026-08-12 05:31:19","채팅","서비스 이용","콘텐츠/기능 접근","해결","일반","현재 이용 상태에서 사용할 수 있는 메뉴를 문의 (웹 이용)","접근 조건 안내 확인 필요","이용 권한과 접근 조건 대조 후 안내 결과 기록 및 재문의 여부 확인"
"CX-202608-0089","2026-08-11 16:21:46","2026-08-11 17:31:46","2026-08-12 17:39:36","채팅","가입·온보딩","초기 설정","해결","일반","초기 설정을 건너뛰었는데 다시 진행할 수 있는지 문의 (이용 중 확인)","온보딩 안내 부족 가능성","초기 설정 도움말 제공 및 노출 위치 검토 결과 기록 및 재문의 여부 확인"
"CX-202608-0337","2026-08-11 18:05:46","2026-08-11 20:03:46","2026-08-12 11:00:20","이메일","해지·변경","서비스 종료 절차","해결","일반","이용 종료 전 확인할 항목을 문의 (모바일 이용)","종료 절차 안내 확인 필요","종료 절차와 사전 확인 항목 안내 결과 기록 및 재문의 여부 확인"
"CX-202608-0314","2026-08-11 18:24:04","2026-08-11 18:39:04","2026-08-13 02:32:02","채팅","오류·장애","앱 오류","해결","일반","앱에서 특정 메뉴를 열면 응답이 멈춤 (첫 이용)","앱 환경 확인 필요","앱 버전과 발생 환경 확인 후 재현 요청 결과 기록 및 재문의 여부 확인"
"CX-202608-0381","2026-08-11 18:33:19","2026-08-11 19:32:19","2026-08-14 12:42:25","채팅","정책·혜택","프로모션","해결","일반","프로모션 참여가 정상 반영되었는지 확인 요청 (웹 이용)","참여 조건 안내 확인 필요","프로모션 기간과 대상 조건 확인 결과 기록 및 재문의 여부 확인"
"CX-202608-0395","2026-08-11 18:49:56","2026-08-11 19:08:56","2026-08-11 22:52:32","전화","의견·요청","기능 개선 요청","해결","일반","이용 이력을 더 쉽게 찾을 수 있도록 제안 (웹 이용)","이용 동선 확인 필요","활용 맥락 기록 후 개선 검토 목록 연결 결과 기록 및 재문의 여부 확인"
"CX-202608-0163","2026-08-11 19:00:28","2026-08-11 19:11:28","2026-08-12 02:29:17","이메일","결제·환불","결제수단 변경","해결","일반","다음 결제부터 다른 결제수단을 사용하고 싶음","결제 설정 경로 확인 필요","결제수단 변경 경로와 적용 시점 안내 결과 기록 및 재문의 여부 확인"
"CX-202608-0128","2026-08-11 19:37:41","2026-08-11 21:32:41","2026-08-14 17:21:18","채팅","결제·환불","환불 기준","해결","높음","사용을 시작한 뒤에도 환불할 수 있는지 문의 (재이용)","환불 안내 부족 가능성","이용 이력과 환불 기준 확인 후 안내 결과 기록 및 재문의 여부 확인"
"CX-202608-0365","2026-08-12 08:36:27","2026-08-12 09:22:27","2026-08-14 12:02:44","채팅","정책·혜택","혜택 적용","해결","일반","받은 혜택을 어디에서 사용하는지 문의","혜택 상태 확인 필요","혜택 사용 이력과 적용 상태 확인 결과 기록 및 재문의 여부 확인"
"CX-202608-0409","2026-08-12 10:54:47","2026-08-12 12:16:47","2026-08-12 22:12:51","이메일","기타","일반 문의","해결","일반","고객지원 이용 방법과 운영 시간을 문의 (모바일 이용)","지원 경로 안내 확인 필요","지원 채널과 답변 확인 경로 안내 결과 기록 및 재문의 여부 확인"
"CX-202608-0334","2026-08-12 11:16:22","2026-08-12 13:11:22","2026-08-13 04:18:25","전화","해지·변경","구독 해지","해결","일반","구독 해지 메뉴로 이동하는 방법을 문의 (웹 이용)","해지 안내 부족 가능성","해지 상태와 잔여 이용 기간 안내 결과 기록 및 재문의 여부 확인"
"CX-202608-0273","2026-08-12 12:25:21","2026-08-12 14:14:21","2026-08-13 07:55:21","채팅","오류·장애","화면 오류","해결","높음","일부 화면의 안내 문구가 겹쳐서 보임 (모바일 이용)","화면 표시 오류 확인 필요","화면 환경과 데이터 갱신 상태 확인 결과 기록 및 재문의 여부 확인"
"CX-202608-0418","2026-08-12 15:38:51","2026-08-12 21:05:51","2026-08-13 10:53:52","앱 리뷰","기타","일반 문의","해결","일반","문의 접수 후 답변 확인 방법을 문의","지원 경로 안내 확인 필요","지원 채널과 답변 확인 경로 안내 결과 기록 및 재문의 여부 확인"
"CX-202608-0229","2026-08-12 17:09:10","2026-08-12 20:54:10","2026-08-13 17:15:30","앱 리뷰","서비스 이용","설정 변경","해결","일반","기본 설정으로 되돌리는 방법을 문의 (첫 이용)","설정 안내 경로 확인 필요","설정 저장 조건과 변경 경로 안내 결과 기록 및 재문의 여부 확인"
"CX-202608-0171","2026-08-12 17:11:03","2026-08-12 20:32:03","2026-08-13 10:08:07","앱 리뷰","결제·환불","환불 진행상태","해결","높음","환불 완료 안내와 실제 반영 시점의 차이를 문의 (재이용)","진행상태 노출 확인 필요","환불 진행상태 확인 후 예상 일정 안내 결과 기록 및 재문의 여부 확인"
"CX-202608-0388","2026-08-12 20:04:57","2026-08-13 08:11:57","2026-08-14 05:55:33","이메일","의견·요청","신규 기능 요청","해결","일반","자주 사용하는 설정을 저장하는 기능을 요청","추가 수요 확인 필요","요청 목적 기록 및 기존 대안 안내 결과 기록 및 재문의 여부 확인"
"CX-202608-0331","2026-08-12 21:44:11","2026-08-13 02:41:11","2026-08-13 21:35:02","앱 리뷰","해지·변경","자동결제 해제","해결","일반","다음 자동결제를 중지하는 방법을 문의","결제 설정 안내 확인 필요","자동결제 설정 상태와 다음 예정일 확인 결과 기록 및 재문의 여부 확인"
"CX-202608-0338","2026-08-12 21:52:21","2026-08-12 23:31:21","2026-08-13 01:25:02","채팅","해지·변경","구독 해지","해결","일반","구독 해지 후 남은 기간에도 이용할 수 있는지 문의 (웹 이용)","해지 안내 부족 가능성","해지 상태와 잔여 이용 기간 안내 결과 기록 및 재문의 여부 확인"
"CX-202608-0037","2026-08-12 22:31:17","2026-08-12 23:55:17","2026-08-13 16:27:48","전화","계정·접근","계정 정보 변경","해결","일반","연락처 변경 후 다시 인증해야 하는지 문의","안내 부족 가능성","정보 변경 경로와 인증 조건 안내 결과 기록 및 재문의 여부 확인"
"CX-202608-0175","2026-08-13 09:49:43","2026-08-13 16:44:43","2026-08-15 02:49:43","앱 리뷰","결제·환불","환불 기준","해결","일반","환불 신청 기한과 제외 조건을 확인 요청","환불 안내 부족 가능성","이용 이력과 환불 기준 확인 후 안내 결과 기록 및 재문의 여부 확인"
"CX-202608-0297","2026-08-13 10:06:31","2026-08-13 10:28:31","2026-08-13 16:58:07","채팅","오류·장애","접속 장애","해결","긴급","접속 대기 화면이 계속 표시되어 확인 요청 (모바일 이용)","서비스 장애 영향 가능성","영향 범위 확인 후 장애 처리 담당 연결 결과 기록 및 재문의 여부 확인"
"CX-202608-0287","2026-08-13 12:03:58","2026-08-13 13:09:58","2026-08-14 19:08:22","채팅","오류·장애","화면 오류","해결","일반","화면을 새로 열어도 이전 정보가 계속 나타남","화면 표시 오류 확인 필요","화면 환경과 데이터 갱신 상태 확인 결과 기록 및 재문의 여부 확인"
"CX-202608-0053","2026-08-13 12:47:48","2026-08-13 13:20:48","2026-08-14 20:23:35","이메일","계정·접근","로그인 실패","해결","긴급","정상 계정으로 로그인했지만 접속이 유지되지 않음 (첫 이용)","인증 오류 확인 필요","인증 상태 및 오류 로그 확인 결과 기록 및 재문의 여부 확인"
"CX-202608-0139","2026-08-13 13:55:47","2026-08-13 15:01:47","2026-08-13 22:33:47","전화","결제·환불","환불 기준","해결","일반","사용을 시작한 뒤에도 환불할 수 있는지 문의 (이용 중 확인)","환불 안내 부족 가능성","이용 이력과 환불 기준 확인 후 안내 결과 기록 및 재문의 여부 확인"
"CX-202608-0380","2026-08-13 14:43:44","2026-08-13 15:35:44","2026-08-14 06:09:25","이메일","정책·혜택","프로모션","해결","일반","진행 중인 프로모션의 참여 조건을 문의","참여 조건 안내 확인 필요","프로모션 기간과 대상 조건 확인 결과 기록 및 재문의 여부 확인"
"CX-202608-0140","2026-08-13 15:22:53","2026-08-13 16:26:53","2026-08-13 23:58:00","채팅","결제·환불","환불 기준","해결","일반","환불 가능한 금액이 어떻게 계산되는지 문의 (웹 이용)","환불 안내 부족 가능성","이용 이력과 환불 기준 확인 후 안내 결과 기록 및 재문의 여부 확인"
"CX-202608-0136","2026-08-13 17:23:54","2026-08-13 18:13:54","2026-08-14 05:50:35","전화","결제·환불","환불 진행상태","해결","일반","환불 접수 안내를 받았지만 다음 일정이 보이지 않음 (첫 이용)","진행상태 노출 확인 필요","환불 진행상태 확인 후 예상 일정 안내 결과 기록 및 재문의 여부 확인"
"CX-202608-0041","2026-08-13 18:13:37","2026-08-13 20:01:37","2026-08-14 20:28:24","채팅","계정·접근","비밀번호 재설정","해결","일반","재설정 링크를 눌러도 다시 로그인 화면으로 이동함 (이용 중 확인)","사용 경로 확인 필요","재설정 링크와 안내 절차 확인 결과 기록 및 재문의 여부 확인"
"CX-202608-0238","2026-08-13 19:39:05","2026-08-14 01:42:05","2026-08-14 23:55:01","앱 리뷰","서비스 이용","이용 방법","해결","일반","이용 이력을 다시 확인하는 방법을 문의 (재이용)","사용 경로 확인 필요","이용 경로 안내 및 도움말 접근성 검토 결과 기록 및 재문의 여부 확인"
"CX-202608-0373","2026-08-13 20:26:04","2026-08-14 05:16:04","2026-08-14 18:03:09","이메일","정책·혜택","할인 조건","해결","일반","할인 적용 조건과 제외 대상을 문의 (모바일 이용)","할인 조건 확인 필요","할인 적용 기준과 중복 조건 대조 결과 기록 및 재문의 여부 확인"
"CX-202608-0392","2026-08-13 20:41:13","2026-08-13 21:11:13","2026-08-14 13:13:55","채팅","의견·요청","신규 기능 요청","해결","높음","변경 사항을 미리 안내받는 기능을 제안","추가 수요 확인 필요","요청 목적 기록 및 기존 대안 안내 결과 기록 및 재문의 여부 확인"
"CX-202608-0336","2026-08-13 21:44:31","2026-08-13 22:05:31","2026-08-14 02:57:29","채팅","해지·변경","구독 해지","해결","높음","구독 해지 메뉴로 이동하는 방법을 문의 (첫 이용)","해지 안내 부족 가능성","해지 상태와 잔여 이용 기간 안내 결과 기록 및 재문의 여부 확인"
"CX-202608-0035","2026-08-13 22:15:09","2026-08-14 06:12:09","2026-08-14 12:17:28","앱 리뷰","계정·접근","계정 정보 변경","해결","일반","계정 정보 수정 메뉴의 위치를 찾지 못함","안내 부족 가능성","정보 변경 경로와 인증 조건 안내 결과 기록 및 재문의 여부 확인"
"CX-202608-0225","2026-08-14 09:28:58","2026-08-14 14:05:58","2026-08-15 04:36:23","앱 리뷰","서비스 이용","이용 방법","해결","일반","자주 사용하는 메뉴에 빠르게 접근하는 방법을 문의 (첫 이용)","사용 경로 확인 필요","이용 경로 안내 및 도움말 접근성 검토 결과 기록 및 재문의 여부 확인"
"CX-202608-0070","2026-08-14 10:56:44","2026-08-14 12:29:44","2026-08-15 05:38:10","채팅","계정·접근","로그인 실패","해결","일반","정상 계정으로 로그인했지만 접속이 유지되지 않음 (안내 확인 후)","인증 오류 확인 필요","인증 상태 및 오류 로그 확인 결과 기록 및 재문의 여부 확인"
"CX-202608-0296","2026-08-14 15:49:06","2026-08-14 16:00:06","2026-08-16 01:22:26","채팅","오류·장애","접속 장애","해결","높음","연결이 끊겨 진행 중인 작업을 완료하지 못함 (재이용)","서비스 장애 영향 가능성","영향 범위 확인 후 장애 처리 담당 연결 결과 기록 및 재문의 여부 확인"
"CX-202608-0184","2026-08-14 17:41:30","2026-08-14 19:38:30","2026-08-16 07:58:24","채팅","결제·환불","중복 결제","해결","일반","같은 이용 건에 결제 안내가 두 번 도착함 (모바일 이용)","중복 승인 여부 확인 필요","거래 식별값 대조 후 중복 여부 확인 결과 기록 및 재문의 여부 확인"
"CX-202608-0162","2026-08-14 19:02:42","2026-08-14 19:12:42","2026-08-15 00:51:55","채팅","결제·환불","결제수단 변경","해결","일반","등록된 결제수단을 삭제하는 방법을 문의 (모바일 이용)","결제 설정 경로 확인 필요","결제수단 변경 경로와 적용 시점 안내 결과 기록 및 재문의 여부 확인"
"CX-202608-0357","2026-08-14 22:54:53","2026-08-14 23:47:53","2026-08-16 00:47:36","이메일","정책·혜택","프로모션","해결","일반","진행 중인 프로모션의 참여 조건을 문의 (첫 이용)","참여 조건 안내 확인 필요","프로모션 기간과 대상 조건 확인 결과 기록 및 재문의 여부 확인"
"CX-202608-0155","2026-08-15 09:03:00","2026-08-15 10:08:00","2026-08-15 19:11:56","채팅","결제·환불","환불 진행상태","해결","높음","환불 완료 안내와 실제 반영 시점의 차이를 문의 (이용 중 확인)","진행상태 노출 확인 필요","환불 진행상태 확인 후 예상 일정 안내 결과 기록 및 재문의 여부 확인"
"CX-202608-0281","2026-08-15 09:14:22","2026-08-15 10:15:22","2026-08-15 15:21:18","채팅","오류·장애","기능 작동 오류","해결","높음","기능 실행 중 오류 안내가 나타나 작업을 멈춤 (모바일 이용)","추가 로그 확인 필요","발생 시각과 재현 절차 확인 후 담당 이관 결과 기록 및 재문의 여부 확인"
"CX-202608-0294","2026-08-15 09:32:40","2026-08-15 10:00:40","2026-08-19 01:02:45","채팅","오류·장애","기능 작동 오류","해결","일반","기능 실행 중 오류 안내가 나타나 작업을 멈춤 (첫 이용)","추가 로그 확인 필요","발생 시각과 재현 절차 확인 후 담당 이관 결과 기록 및 재문의 여부 확인"
"CX-202608-0176","2026-08-15 11:45:10","2026-08-15 13:02:10","2026-08-16 15:48:32","전화","결제·환불","환불 진행상태","해결","일반","환불 접수 안내를 받았지만 다음 일정이 보이지 않음 (안내 확인 후)","진행상태 노출 확인 필요","환불 진행상태 확인 후 예상 일정 안내 결과 기록 및 재문의 여부 확인"
"CX-202608-0353","2026-08-15 12:49:21","2026-08-15 13:17:21","2026-08-15 23:22:15","전화","정책·혜택","이용 정책","해결","일반","현재 이용 방식이 정책상 가능한지 확인 요청","정책 문구 명확성 확인 필요","관련 정책 항목과 적용 시점 안내 결과 기록 및 재문의 여부 확인"
"CX-202608-0410","2026-08-15 13:41:32","2026-08-15 15:16:32","2026-08-18 01:26:07","앱 리뷰","기타","분류 필요","해결","일반","이전 안내의 후속 확인을 요청했으나 유형이 불명확함 (모바일 이용)","추가 내용 확인 필요","문의 목적 확인 후 담당 및 세부유형 분류 결과 기록 및 재문의 여부 확인"
"CX-202608-0274","2026-08-15 18:37:11","2026-08-15 19:10:11","2026-08-16 12:00:17","이메일","오류·장애","화면 오류","해결","일반","일부 화면의 안내 문구가 겹쳐서 보임 (웹 이용)","화면 표시 오류 확인 필요","화면 환경과 데이터 갱신 상태 확인 결과 기록 및 재문의 여부 확인"
"CX-202608-0033","2026-08-16 08:33:49","2026-08-16 08:52:49","2026-08-17 04:35:10","전화","계정·접근","로그인 실패","해결","일반","정상 계정으로 로그인했지만 접속이 유지되지 않음","인증 오류 확인 필요","인증 상태 및 오류 로그 확인 결과 기록 및 재문의 여부 확인"
"CX-202608-0005","2026-08-16 09:50:04","2026-08-16 11:48:04","2026-08-16 21:04:39","전화","계정·접근","인증 오류","해결","일반","인증번호가 늦게 도착해 입력 시간이 만료됨 (모바일 이용)","인증 전달 경로 확인 필요","인증 발송 이력과 만료 조건 확인 결과 기록 및 재문의 여부 확인"
"CX-202608-0375","2026-08-16 10:36:28","2026-08-16 15:28:28","2026-08-17 07:28:10","앱 리뷰","정책·혜택","혜택 적용","해결","일반","혜택을 선택했지만 적용 표시가 나타나지 않음 (모바일 이용)","혜택 상태 확인 필요","혜택 사용 이력과 적용 상태 확인 결과 기록 및 재문의 여부 확인"
"CX-202608-0324","2026-08-16 10:53:10","2026-08-16 13:54:10","2026-08-16 17:49:03","앱 리뷰","해지·변경","플랜 변경","해결","높음","현재 플랜과 다른 플랜의 이용 범위를 확인 요청 (모바일 이용)","변경 조건 확인 필요","플랜 적용 시점과 차액 기준 안내 결과 기록 및 재문의 여부 확인"
"CX-202608-0367","2026-08-16 12:23:45","2026-08-17 01:14:45","2026-08-17 16:29:57","전화","정책·혜택","할인 조건","해결","높음","여러 할인 중 함께 적용할 수 있는 항목을 문의 (웹 이용)","할인 조건 확인 필요","할인 적용 기준과 중복 조건 대조 결과 기록 및 재문의 여부 확인"
"CX-202608-0322","2026-08-16 13:23:55","2026-08-16 16:13:55","2026-08-17 12:58:19","앱 리뷰","해지·변경","플랜 변경","해결","높음","플랜 변경에 따른 차액 처리 기준을 문의","변경 조건 확인 필요","플랜 적용 시점과 차액 기준 안내 결과 기록 및 재문의 여부 확인"
"CX-202608-0074","2026-08-16 13:25:10","2026-08-16 14:06:10","2026-08-16 19:23:32","전화","가입·온보딩","가입 절차","해결","일반","가입에 필수인 정보와 선택 정보를 구분해 달라고 요청 (모바일 이용)","가입 절차 안내 확인 필요","가입 단계와 필수 항목 안내 결과 기록 및 재문의 여부 확인"
"CX-202608-0362","2026-08-16 15:29:45","2026-08-16 15:45:45","2026-08-17 06:21:11","전화","정책·혜택","프로모션","해결","일반","프로모션 참여가 정상 반영되었는지 확인 요청 (모바일 이용)","참여 조건 안내 확인 필요","프로모션 기간과 대상 조건 확인 결과 기록 및 재문의 여부 확인"
"CX-202608-0158","2026-08-16 15:53:23","2026-08-16 16:42:23","2026-08-18 01:01:59","채팅","결제·환불","결제 실패","해결","높음","승인 실패 안내 후 다시 결제해도 되는지 문의 (모바일 이용)","결제 상태 확인 필요","승인 내역과 이용 권한 반영 상태 확인 결과 기록 및 재문의 여부 확인"
"CX-202608-0342","2026-08-16 16:25:35","2026-08-16 16:59:35","2026-08-16 19:01:49","전화","해지·변경","플랜 변경","해결","일반","이용 중인 플랜을 변경하면 언제 적용되는지 문의","변경 조건 확인 필요","플랜 적용 시점과 차액 기준 안내 결과 기록 및 재문의 여부 확인"
"CX-202608-0027","2026-08-16 18:05:44","2026-08-16 19:02:44","2026-08-17 05:19:52","전화","계정·접근","로그인 실패","해결","높음","로그인 시도가 반복 실패해 이용을 시작하지 못함 (이용 중 확인)","인증 오류 확인 필요","인증 상태 및 오류 로그 확인 결과 기록 및 재문의 여부 확인"
"CX-202608-0071","2026-08-16 18:09:56","2026-08-16 20:04:56","2026-08-18 08:49:05","채팅","계정·접근","비밀번호 재설정","해결","일반","비밀번호 변경 안내 메일의 유효시간을 문의 (재이용)","사용 경로 확인 필요","재설정 링크와 안내 절차 확인 결과 기록 및 재문의 여부 확인"
"CX-202608-0234","2026-08-17 08:17:51","2026-08-17 09:16:51","2026-08-17 20:58:21","채팅","서비스 이용","설정 변경","해결","일반","기본 설정으로 되돌리는 방법을 문의 (이용 중 확인)","설정 안내 경로 확인 필요","설정 저장 조건과 변경 경로 안내 결과 기록 및 재문의 여부 확인"
"CX-202608-0011","2026-08-17 09:20:27","2026-08-17 11:44:27","2026-08-18 17:16:54","앱 리뷰","계정·접근","인증 오류","해결","일반","인증번호를 입력했지만 인증이 완료되지 않음 (첫 이용)","인증 전달 경로 확인 필요","인증 발송 이력과 만료 조건 확인 결과 기록 및 재문의 여부 확인"
"CX-202608-0415","2026-08-17 11:13:29","2026-08-17 18:50:29","2026-08-18 01:44:11","전화","기타","분류 필요","해결","일반","여러 문의를 함께 접수해 세부 분류가 필요함","추가 내용 확인 필요","문의 목적 확인 후 담당 및 세부유형 분류 결과 기록 및 재문의 여부 확인"
"CX-202608-0060","2026-08-17 12:14:09","2026-08-17 13:01:09","2026-08-18 09:58:55","채팅","계정·접근","비밀번호 재설정","해결","높음","비밀번호 변경 안내 메일의 유효시간을 문의 (첫 이용)","사용 경로 확인 필요","재설정 링크와 안내 절차 확인 결과 기록 및 재문의 여부 확인"
"CX-202608-0308","2026-08-17 12:59:20","2026-08-17 13:26:20","2026-08-18 12:31:23","이메일","오류·장애","접속 장애","해결","긴급","서비스 화면이 열리지 않아 이용을 중단함 (재이용)","서비스 장애 영향 가능성","영향 범위 확인 후 장애 처리 담당 연결 결과 기록 및 재문의 여부 확인"
"CX-202608-0382","2026-08-17 13:10:24","2026-08-17 14:46:24","2026-08-18 06:37:35","이메일","정책·혜택","이용 정책","해결","일반","이용 정책의 특정 제한 범위를 문의","정책 문구 명확성 확인 필요","관련 정책 항목과 적용 시점 안내 결과 기록 및 재문의 여부 확인"
"CX-202608-0015","2026-08-17 14:51:55","2026-08-17 15:59:55","2026-08-19 00:44:16","전화","계정·접근","비밀번호 재설정","해결","일반","비밀번호 변경 안내 메일의 유효시간을 문의 (모바일 이용)","사용 경로 확인 필요","재설정 링크와 안내 절차 확인 결과 기록 및 재문의 여부 확인"
"CX-202608-0393","2026-08-17 14:57:37","2026-08-17 15:32:37","2026-08-17 22:51:34","채팅","의견·요청","신규 기능 요청","해결","일반","이용 현황을 한눈에 확인하는 기능을 제안","추가 수요 확인 필요","요청 목적 기록 및 기존 대안 안내 결과 기록 및 재문의 여부 확인"
"CX-202608-0039","2026-08-17 15:17:20","2026-08-17 15:37:20","2026-08-17 21:50:57","전화","계정·접근","로그인 실패","해결","일반","정상 계정으로 로그인했지만 접속이 유지되지 않음 (웹 이용)","인증 오류 확인 필요","인증 상태 및 오류 로그 확인 결과 기록 및 재문의 여부 확인"
"CX-202608-0057","2026-08-17 15:34:34","2026-08-17 17:32:34","2026-08-18 01:20:07","채팅","계정·접근","비밀번호 재설정","해결","높음","비밀번호를 변경한 뒤 로그인 방법을 다시 확인 요청 (모바일 이용)","사용 경로 확인 필요","재설정 링크와 안내 절차 확인 결과 기록 및 재문의 여부 확인"
"CX-202608-0030","2026-08-17 15:40:16","2026-08-17 17:30:16","2026-08-18 05:54:58","앱 리뷰","계정·접근","인증 오류","해결","높음","본인 인증 단계에서 다음 화면으로 넘어가지 않음 (재이용)","인증 전달 경로 확인 필요","인증 발송 이력과 만료 조건 확인 결과 기록 및 재문의 여부 확인"
"CX-202608-0091","2026-08-17 15:48:16","2026-08-17 16:39:16","2026-08-18 02:49:07","채팅","가입·온보딩","초기 설정","해결","일반","처음 이용할 때 필요한 설정 순서를 문의 (안내 확인 후)","온보딩 안내 부족 가능성","초기 설정 도움말 제공 및 노출 위치 검토 결과 기록 및 재문의 여부 확인"
"CX-202608-0006","2026-08-17 16:57:59","2026-08-17 18:07:59","2026-08-19 06:37:36","채팅","계정·접근","인증 오류","해결","일반","인증번호를 입력했지만 인증이 완료되지 않음 (이용 중 확인)","인증 전달 경로 확인 필요","인증 발송 이력과 만료 조건 확인 결과 기록 및 재문의 여부 확인"
"CX-202608-0038","2026-08-17 17:49:43","2026-08-17 18:27:43","2026-08-18 13:28:37","채팅","계정·접근","로그인 실패","해결","일반","정상 계정으로 로그인했지만 접속이 유지되지 않음 (설정 화면 확인 중)","인증 오류 확인 필요","인증 상태 및 오류 로그 확인 결과 기록 및 재문의 여부 확인"
"CX-202608-0025","2026-08-17 19:43:02","2026-08-18 08:05:02","2026-08-18 20:47:10","이메일","계정·접근","로그인 실패","해결","높음","로그인 시도가 반복 실패해 이용을 시작하지 못함 (모바일 이용)","인증 오류 확인 필요","인증 상태 및 오류 로그 확인 결과 기록 및 재문의 여부 확인"
"CX-202608-0016","2026-08-17 22:05:21","2026-08-17 23:12:21","2026-08-18 13:36:50","이메일","계정·접근","로그인 실패","해결","일반","비밀번호 입력 후에도 로그인 화면으로 돌아옴 (첫 이용)","인증 오류 확인 필요","인증 상태 및 오류 로그 확인 결과 기록 및 재문의 여부 확인"
"CX-202608-0223","2026-08-17 22:11:20","2026-08-17 23:54:20","2026-08-18 01:24:02","채팅","서비스 이용","설정 변경","해결","일반","설정 변경 후 적용 여부를 어디서 확인하는지 문의 (모바일 이용)","설정 안내 경로 확인 필요","설정 저장 조건과 변경 경로 안내 결과 기록 및 재문의 여부 확인"
"CX-202608-0036","2026-08-18 09:56:03","2026-08-18 10:15:03","2026-08-18 17:23:05","채팅","계정·접근","인증 오류","해결","긴급","본인 인증 단계에서 다음 화면으로 넘어가지 않음 (모바일 이용)","인증 전달 경로 확인 필요","인증 발송 이력과 만료 조건 확인 결과 기록 및 재문의 여부 확인"
"CX-202608-0018","2026-08-18 10:04:12","2026-08-18 13:34:12","2026-08-19 18:10:27","앱 리뷰","계정·접근","인증 오류","해결","일반","인증번호가 늦게 도착해 입력 시간이 만료됨 (첫 이용)","인증 전달 경로 확인 필요","인증 발송 이력과 만료 조건 확인 결과 기록 및 재문의 여부 확인"
"CX-202608-0278","2026-08-18 11:02:44","2026-08-18 12:50:44","2026-08-19 10:21:48","채팅","오류·장애","화면 오류","해결","일반","화면을 새로 열어도 이전 정보가 계속 나타남 (모바일 이용)","화면 표시 오류 확인 필요","화면 환경과 데이터 갱신 상태 확인 결과 기록 및 재문의 여부 확인"
"CX-202608-0014","2026-08-18 11:53:42","2026-08-18 12:35:42","2026-08-18 18:43:26","채팅","계정·접근","인증 오류","해결","높음","인증번호가 늦게 도착해 입력 시간이 만료됨","인증 전달 경로 확인 필요","인증 발송 이력과 만료 조건 확인 결과 기록 및 재문의 여부 확인"
"CX-202608-0048","2026-08-18 12:01:57","2026-08-18 13:05:57","2026-08-19 02:56:28","채팅","계정·접근","비밀번호 재설정","해결","일반","비밀번호를 변경한 뒤 로그인 방법을 다시 확인 요청","사용 경로 확인 필요","재설정 링크와 안내 절차 확인 결과 기록 및 재문의 여부 확인"
"CX-202608-0045","2026-08-18 12:06:27","2026-08-18 13:13:27","2026-08-19 14:06:32","채팅","계정·접근","인증 오류","해결","일반","본인 인증 단계에서 다음 화면으로 넘어가지 않음 (웹 이용)","인증 전달 경로 확인 필요","인증 발송 이력과 만료 조건 확인 결과 기록 및 재문의 여부 확인"
"CX-202608-0212","2026-08-18 12:35:41","2026-08-18 14:18:41","2026-08-20 20:20:05","채팅","서비스 이용","이용 방법","해결","일반","중단한 작업을 이어서 진행할 수 있는지 문의","사용 경로 확인 필요","이용 경로 안내 및 도움말 접근성 검토 결과 기록 및 재문의 여부 확인"
"CX-202608-0117","2026-08-18 13:00:36","2026-08-18 21:47:36","2026-08-18 23:55:52","채팅","가입·온보딩","초기 설정","해결","일반","처음 이용할 때 필요한 설정 순서를 문의 (재이용)","온보딩 안내 부족 가능성","초기 설정 도움말 제공 및 노출 위치 검토 결과 기록 및 재문의 여부 확인"
"CX-202608-0198","2026-08-18 13:35:54","2026-08-18 20:14:54","2026-08-19 10:00:13","앱 리뷰","서비스 이용","설정 변경","해결","일반","설정 변경 후 적용 여부를 어디서 확인하는지 문의 (웹 이용)","설정 안내 경로 확인 필요","설정 저장 조건과 변경 경로 안내 결과 기록 및 재문의 여부 확인"
"CX-202608-0387","2026-08-18 13:48:49","2026-08-18 15:43:49","2026-08-19 07:48:19","채팅","의견·요청","기능 개선 요청","해결","일반","반복 입력 항목을 줄일 수 있도록 개선 요청 (모바일 이용)","이용 동선 확인 필요","활용 맥락 기록 후 개선 검토 목록 연결 결과 기록 및 재문의 여부 확인"
"CX-202608-0218","2026-08-18 14:17:12","2026-08-18 23:15:12","2026-08-19 00:23:21","이메일","서비스 이용","기능 사용법","해결","일반","주요 기능을 처음 사용하는 순서를 문의 (웹 이용)","사용법 안내 부족 가능성","기능 도움말 제공 및 설명 보완 항목 기록 결과 기록 및 재문의 여부 확인"
"CX-202608-0389","2026-08-18 15:10:24","2026-08-18 15:39:24","2026-08-19 07:35:49","전화","의견·요청","기능 개선 요청","해결","일반","반복 입력 항목을 줄일 수 있도록 개선 요청 (첫 이용)","이용 동선 확인 필요","활용 맥락 기록 후 개선 검토 목록 연결 결과 기록 및 재문의 여부 확인"
"CX-202608-0412","2026-08-18 17:28:01","2026-08-18 18:18:01","2026-08-19 01:40:15","전화","기타","분류 필요","해결","일반","문의 내용의 담당 부서를 확인해 달라고 요청","추가 내용 확인 필요","문의 목적 확인 후 담당 및 세부유형 분류 결과 기록 및 재문의 여부 확인"
"CX-202608-0069","2026-08-18 17:54:10","2026-08-18 18:18:10","2026-08-19 04:29:39","채팅","계정·접근","로그인 실패","해결","긴급","비밀번호 입력 후에도 로그인 화면으로 돌아옴 (설정 화면 확인 중)","인증 오류 확인 필요","인증 상태 및 오류 로그 확인 결과 기록 및 재문의 여부 확인"
"CX-202608-0359","2026-08-18 18:24:07","2026-08-18 23:04:07","2026-08-19 03:01:17","앱 리뷰","정책·혜택","이용 정책","해결","일반","정책 변경 안내가 언제 적용되는지 문의","정책 문구 명확성 확인 필요","관련 정책 항목과 적용 시점 안내 결과 기록 및 재문의 여부 확인"
"CX-202608-0385","2026-08-18 18:38:19","2026-08-19 00:20:19","2026-08-19 05:06:45","앱 리뷰","의견·요청","불편 의견","해결","일반","도움말 검색에서 원하는 설명을 찾기 어렵다는 의견","탐색 불편 가능성","불편 발생 경로를 분류해 운영 검토 요청 결과 기록 및 재문의 여부 확인"
"CX-202608-0266","2026-08-18 20:19:37","2026-08-18 20:26:37","2026-08-19 11:36:10","이메일","오류·장애","접속 장애","해결","긴급","연결이 끊겨 진행 중인 작업을 완료하지 못함 (웹 이용)","서비스 장애 영향 가능성","영향 범위 확인 후 장애 처리 담당 연결 결과 기록 및 재문의 여부 확인"
"CX-202608-0202","2026-08-18 20:51:46","2026-08-18 22:04:46","2026-08-19 03:15:07","이메일","서비스 이용","기능 사용법","해결","일반","도움말을 읽었지만 기능 실행 위치를 찾지 못함 (안내 확인 후)","사용법 안내 부족 가능성","기능 도움말 제공 및 설명 보완 항목 기록 결과 기록 및 재문의 여부 확인"
"CX-202608-0023","2026-08-18 21:02:16","2026-08-18 22:00:16","2026-08-20 02:02:44","채팅","계정·접근","로그인 실패","해결","높음","정상 계정으로 로그인했지만 접속이 유지되지 않음 (모바일 이용)","인증 오류 확인 필요","인증 상태 및 오류 로그 확인 결과 기록 및 재문의 여부 확인"
"CX-202608-0002","2026-08-18 21:20:22","2026-08-18 21:32:22","2026-08-19 18:47:39","이메일","계정·접근","로그인 실패","해결","높음","정상 계정으로 로그인했지만 접속이 유지되지 않음 (재이용)","인증 오류 확인 필요","인증 상태 및 오류 로그 확인 결과 기록 및 재문의 여부 확인"
"CX-202608-0319","2026-08-18 22:34:20","2026-08-18 23:20:20","2026-08-19 07:53:23","채팅","해지·변경","구독 해지","해결","일반","구독 해지 후 남은 기간에도 이용할 수 있는지 문의 (첫 이용)","해지 안내 부족 가능성","해지 상태와 잔여 이용 기간 안내 결과 기록 및 재문의 여부 확인"
"CX-202608-0130","2026-08-18 22:41:00","2026-08-18 23:11:00","2026-08-19 05:31:28","채팅","결제·환불","중복 결제","해결","긴급","같은 이용 건에 결제 안내가 두 번 도착함","중복 승인 여부 확인 필요","거래 식별값 대조 후 중복 여부 확인 결과 기록 및 재문의 여부 확인"
"CX-202608-0009","2026-08-18 22:53:28","2026-08-19 16:35:28","2026-08-20 01:52:48","앱 리뷰","계정·접근","로그인 실패","해결","일반","비밀번호 입력 후에도 로그인 화면으로 돌아옴 (모바일 이용)","인증 오류 확인 필요","인증 상태 및 오류 로그 확인 결과 기록 및 재문의 여부 확인"
"CX-202608-0374","2026-08-19 08:40:04","2026-08-19 09:53:04","2026-08-20 10:52:29","전화","정책·혜택","혜택 적용","해결","일반","받은 혜택을 어디에서 사용하는지 문의 (모바일 이용)","혜택 상태 확인 필요","혜택 사용 이력과 적용 상태 확인 결과 기록 및 재문의 여부 확인"
"CX-202608-0132","2026-08-19 10:55:01","2026-08-20 05:48:01","2026-08-21 08:28:35","앱 리뷰","결제·환불","환불 기준","해결","일반","환불 가능한 금액이 어떻게 계산되는지 문의 (첫 이용)","환불 안내 부족 가능성","이용 이력과 환불 기준 확인 후 안내 결과 기록 및 재문의 여부 확인"
"CX-202608-0219","2026-08-19 12:01:18","2026-08-19 13:58:18","2026-08-19 20:08:55","이메일","서비스 이용","이용 방법","해결","높음","중단한 작업을 이어서 진행할 수 있는지 문의 (웹 이용)","사용 경로 확인 필요","이용 경로 안내 및 도움말 접근성 검토 결과 기록 및 재문의 여부 확인"
"CX-202608-0065","2026-08-19 12:23:10","2026-08-20 04:39:10","2026-08-20 10:11:34","채팅","계정·접근","계정 정보 변경","해결","일반","연락처 변경 후 다시 인증해야 하는지 문의 (웹 이용)","안내 부족 가능성","정보 변경 경로와 인증 조건 안내 결과 기록 및 재문의 여부 확인"
"CX-202608-0075","2026-08-19 12:31:10","2026-08-19 14:29:10","2026-08-19 21:26:56","이메일","가입·온보딩","인증 완료","해결","일반","인증 완료 안내 후 다음 진행 방법을 문의","완료 상태 노출 확인 필요","인증 완료 상태와 후속 단계 안내 결과 기록 및 재문의 여부 확인"
"CX-202608-0032","2026-08-19 12:32:44","2026-08-19 17:12:44","2026-08-19 22:47:23","앱 리뷰","계정·접근","인증 오류","해결","일반","인증번호가 늦게 도착해 입력 시간이 만료됨 (재이용)","인증 전달 경로 확인 필요","인증 발송 이력과 만료 조건 확인 결과 기록 및 재문의 여부 확인"
"CX-202608-0188","2026-08-19 13:10:10","2026-08-20 05:49:10","2026-08-20 15:48:21","앱 리뷰","서비스 이용","콘텐츠/기능 접근","해결","일반","일부 콘텐츠의 접근 조건이 궁금하다고 문의 (웹 이용)","접근 조건 안내 확인 필요","이용 권한과 접근 조건 대조 후 안내 결과 기록 및 재문의 여부 확인"
"CX-202608-0004","2026-08-19 14:08:58","2026-08-19 14:27:58","2026-08-20 00:29:01","전화","계정·접근","로그인 실패","해결","일반","로그인 시도가 반복 실패해 이용을 시작하지 못함 (웹 이용)","인증 오류 확인 필요","인증 상태 및 오류 로그 확인 결과 기록 및 재문의 여부 확인"
"CX-202608-0148","2026-08-19 14:31:02","2026-08-19 14:57:02","2026-08-20 20:51:07","채팅","결제·환불","환불 기준","해결","일반","환불 신청 기한과 제외 조건을 확인 요청 (첫 이용)","환불 안내 부족 가능성","이용 이력과 환불 기준 확인 후 안내 결과 기록 및 재문의 여부 확인"
"CX-202608-0013","2026-08-19 15:20:22","2026-08-19 17:16:22","2026-08-20 03:56:03","채팅","계정·접근","로그인 실패","해결","높음","비밀번호 입력 후에도 로그인 화면으로 돌아옴 (문의 재접수)","인증 오류 확인 필요","인증 상태 및 오류 로그 확인 결과 기록 및 재문의 여부 확인"
"CX-202608-0200","2026-08-19 16:29:16","2026-08-19 16:58:16","2026-08-20 14:03:01","채팅","서비스 이용","설정 변경","해결","높음","변경한 설정이 다음 이용에도 유지되는지 문의","설정 안내 경로 확인 필요","설정 저장 조건과 변경 경로 안내 결과 기록 및 재문의 여부 확인"
"CX-202608-0022","2026-08-19 16:59:05","2026-08-19 17:22:05","2026-08-20 12:03:58","전화","계정·접근","로그인 실패","해결","일반","로그인 시도가 반복 실패해 이용을 시작하지 못함 (첫 이용)","인증 오류 확인 필요","인증 상태 및 오류 로그 확인 결과 기록 및 재문의 여부 확인"
"CX-202608-0289","2026-08-19 17:36:25","2026-08-19 18:00:25","2026-08-21 05:08:54","이메일","오류·장애","접속 장애","해결","긴급","서비스 화면이 열리지 않아 이용을 중단함 (첫 이용)","서비스 장애 영향 가능성","영향 범위 확인 후 장애 처리 담당 연결 결과 기록 및 재문의 여부 확인"
"CX-202608-0124","2026-08-19 18:43:36","2026-08-19 20:33:36","2026-08-23 04:53:06","이메일","결제·환불","환불 진행상태","해결","높음","환불 접수 안내를 받았지만 다음 일정이 보이지 않음 (웹 이용)","진행상태 노출 확인 필요","환불 진행상태 확인 후 예상 일정 안내 결과 기록 및 재문의 여부 확인"
"CX-202608-0313","2026-08-19 20:07:05","2026-08-19 21:19:05","2026-08-21 02:47:34","전화","오류·장애","접속 장애","해결","일반","연결이 끊겨 진행 중인 작업을 완료하지 못함 (이용 중 확인)","서비스 장애 영향 가능성","영향 범위 확인 후 장애 처리 담당 연결 결과 기록 및 재문의 여부 확인"
"CX-202608-0012","2026-08-19 21:20:34","2026-08-19 22:19:34","2026-08-21 09:36:28","채팅","계정·접근","로그인 실패","해결","일반","로그인 시도가 반복 실패해 이용을 시작하지 못함","인증 오류 확인 필요","인증 상태 및 오류 로그 확인 결과 기록 및 재문의 여부 확인"
"CX-202608-0046","2026-08-19 22:35:18","2026-08-20 01:39:18","2026-08-20 14:16:25","앱 리뷰","계정·접근","로그인 실패","해결","일반","비밀번호 입력 후에도 로그인 화면으로 돌아옴 (도움말 확인 후)","인증 오류 확인 필요","인증 상태 및 오류 로그 확인 결과 기록 및 재문의 여부 확인"
"CX-202608-0256","2026-08-20 08:14:31","2026-08-20 08:40:31","2026-08-20 17:03:50","채팅","서비스 이용","설정 변경","해결","일반","기본 설정으로 되돌리는 방법을 문의","설정 안내 경로 확인 필요","설정 저장 조건과 변경 경로 안내 결과 기록 및 재문의 여부 확인"
"CX-202608-0204","2026-08-20 08:33:30","2026-08-20 10:04:30","2026-08-21 09:02:16","이메일","서비스 이용","콘텐츠/기능 접근","해결","일반","일부 콘텐츠의 접근 조건이 궁금하다고 문의","접근 조건 안내 확인 필요","이용 권한과 접근 조건 대조 후 안내 결과 기록 및 재문의 여부 확인"
"CX-202608-0121","2026-08-20 10:53:30","2026-08-20 11:12:30","2026-08-20 17:26:58","채팅","결제·환불","환불 진행상태","해결","높음","환불 완료 안내와 실제 반영 시점의 차이를 문의 (웹 이용)","진행상태 노출 확인 필요","환불 진행상태 확인 후 예상 일정 안내 결과 기록 및 재문의 여부 확인"
"CX-202608-0244","2026-08-20 11:54:14","2026-08-20 12:04:14","2026-08-20 19:37:13","채팅","서비스 이용","기능 사용법","해결","일반","주요 기능을 처음 사용하는 순서를 문의 (첫 이용)","사용법 안내 부족 가능성","기능 도움말 제공 및 설명 보완 항목 기록 결과 기록 및 재문의 여부 확인"
"CX-202608-0364","2026-08-20 12:42:46","2026-08-20 19:35:46","2026-08-21 18:13:56","앱 리뷰","정책·혜택","할인 조건","해결","일반","할인 적용 조건과 제외 대상을 문의 (웹 이용)","할인 조건 확인 필요","할인 적용 기준과 중복 조건 대조 결과 기록 및 재문의 여부 확인"
"CX-202608-0282","2026-08-20 14:03:00","2026-08-20 14:57:00","2026-08-21 13:33:57","채팅","오류·장애","화면 오류","해결","높음","목록 화면이 빈 상태로 표시되어 확인 요청 (모바일 이용)","화면 표시 오류 확인 필요","화면 환경과 데이터 갱신 상태 확인 결과 기록 및 재문의 여부 확인"
"CX-202608-0351","2026-08-20 14:28:19","2026-08-20 15:01:19","2026-08-23 01:29:33","채팅","정책·혜택","프로모션","해결","일반","이전 참여 이력이 있어도 행사에 참여할 수 있는지 문의 (모바일 이용)","참여 조건 안내 확인 필요","프로모션 기간과 대상 조건 확인 결과 기록 및 재문의 여부 확인"
"CX-202608-0309","2026-08-20 15:02:13","2026-08-20 16:42:13","2026-08-20 23:25:04","채팅","오류·장애","앱 오류","해결","일반","앱 실행 직후 종료되어 이용하지 못함 (웹 이용)","앱 환경 확인 필요","앱 버전과 발생 환경 확인 후 재현 요청 결과 기록 및 재문의 여부 확인"
"CX-202608-0021","2026-08-20 15:24:11","2026-08-20 22:57:11","2026-08-21 19:53:09","전화","계정·접근","로그인 실패","해결","일반","로그인 시도가 반복 실패해 이용을 시작하지 못함 (설정 화면 확인 중)","인증 오류 확인 필요","인증 상태 및 오류 로그 확인 결과 기록 및 재문의 여부 확인"
"CX-202608-0007","2026-08-20 15:44:43","2026-08-20 17:29:43","2026-08-21 03:19:51","채팅","계정·접근","로그인 실패","해결","높음","정상 계정으로 로그인했지만 접속이 유지되지 않음 (문의 재접수)","인증 오류 확인 필요","인증 상태 및 오류 로그 확인 결과 기록 및 재문의 여부 확인"
"CX-202608-0307","2026-08-20 16:01:04","2026-08-21 15:27:04","2026-08-23 00:27:44","앱 리뷰","오류·장애","기능 작동 오류","해결","높음","반복 실행해도 요청한 작업이 완료되지 않음 (웹 이용)","추가 로그 확인 필요","발생 시각과 재현 절차 확인 후 담당 이관 결과 기록 및 재문의 여부 확인"
"CX-202608-0096","2026-08-20 18:01:37","2026-08-20 19:05:37","2026-08-20 22:18:30","이메일","가입·온보딩","초기 설정","해결","일반","가입 완료 후 초기 설정 메뉴 위치를 찾지 못함 (모바일 이용)","온보딩 안내 부족 가능성","초기 설정 도움말 제공 및 노출 위치 검토 결과 기록 및 재문의 여부 확인"
"CX-202608-0277","2026-08-20 18:12:23","2026-08-20 18:48:23","2026-08-21 11:56:23","전화","오류·장애","기능 작동 오류","해결","높음","저장 버튼을 눌렀지만 변경 내용이 반영되지 않음 (첫 이용)","추가 로그 확인 필요","발생 시각과 재현 절차 확인 후 담당 이관 결과 기록 및 재문의 여부 확인"
"CX-202608-0339","2026-08-20 18:33:41","2026-08-21 04:38:41","2026-08-21 18:27:40","이메일","해지·변경","플랜 변경","해결","일반","플랜 변경에 따른 차액 처리 기준을 문의 (웹 이용)","변경 조건 확인 필요","플랜 적용 시점과 차액 기준 안내 결과 기록 및 재문의 여부 확인"
"CX-202608-0100","2026-08-20 19:39:51","2026-08-21 00:42:51","2026-08-21 10:46:20","앱 리뷰","가입·온보딩","인증 완료","해결","일반","가입 인증 확인 메일을 다시 받을 수 있는지 문의","완료 상태 노출 확인 필요","인증 완료 상태와 후속 단계 안내 결과 기록 및 재문의 여부 확인"
"CX-202608-0201","2026-08-20 20:18:30","2026-08-20 21:42:30","2026-08-21 08:52:41","이메일","서비스 이용","이용 방법","해결","일반","중단한 작업을 이어서 진행할 수 있는지 문의 (재이용)","사용 경로 확인 필요","이용 경로 안내 및 도움말 접근성 검토 결과 기록 및 재문의 여부 확인"
"CX-202608-0062","2026-08-20 20:30:24","2026-08-20 21:48:24","2026-08-21 05:38:36","전화","계정·접근","인증 오류","해결","일반","인증번호를 입력했지만 인증이 완료되지 않음 (웹 이용)","인증 전달 경로 확인 필요","인증 발송 이력과 만료 조건 확인 결과 기록 및 재문의 여부 확인"
"CX-202608-0034","2026-08-20 20:55:52","2026-08-20 22:36:52","2026-08-22 02:41:44","이메일","계정·접근","인증 오류","해결","일반","인증번호를 입력했지만 인증이 완료되지 않음","인증 전달 경로 확인 필요","인증 발송 이력과 만료 조건 확인 결과 기록 및 재문의 여부 확인"
"CX-202608-0363","2026-08-21 08:11:17","2026-08-21 09:21:17","2026-08-22 05:37:12","이메일","정책·혜택","할인 조건","해결","일반","할인 적용 조건과 제외 대상을 문의","할인 조건 확인 필요","할인 적용 기준과 중복 조건 대조 결과 기록 및 재문의 여부 확인"
"CX-202608-0341","2026-08-21 09:15:36","2026-08-21 10:57:36","2026-08-21 14:01:08","채팅","해지·변경","자동결제 해제","해결","일반","자동결제 해제 후 별도 해지 절차가 필요한지 문의 (모바일 이용)","결제 설정 안내 확인 필요","자동결제 설정 상태와 다음 예정일 확인 결과 기록 및 재문의 여부 확인"
"CX-202608-0259","2026-08-21 09:18:41","2026-08-21 09:42:41","2026-08-21 14:31:08","이메일","서비스 이용","콘텐츠/기능 접근","해결","일반","현재 이용 상태에서 사용할 수 있는 메뉴를 문의 (모바일 이용)","접근 조건 안내 확인 필요","이용 권한과 접근 조건 대조 후 안내 결과 기록 및 재문의 여부 확인"
"CX-202608-0330","2026-08-21 10:25:08","2026-08-21 12:04:08","2026-08-22 09:17:54","전화","해지·변경","구독 해지","해결","일반","해지 신청이 정상 접수되었는지 확인 요청 (첫 이용)","해지 안내 부족 가능성","해지 상태와 잔여 이용 기간 안내 결과 기록 및 재문의 여부 확인"
"CX-202608-0043","2026-08-21 11:02:30","2026-08-21 12:13:30","2026-08-22 08:40:44","이메일","계정·접근","계정 정보 변경","해결","높음","계정에 표시되는 기본 정보 변경 방법을 문의 (모바일 이용)","안내 부족 가능성","정보 변경 경로와 인증 조건 안내 결과 기록 및 재문의 여부 확인"
"CX-202608-0335","2026-08-21 11:45:17","2026-08-21 13:13:17","2026-08-22 05:23:59","채팅","해지·변경","서비스 종료 절차","해결","높음","서비스 종료 시 남은 이용 내역을 확인하고 싶음","종료 절차 안내 확인 필요","종료 절차와 사전 확인 항목 안내 결과 기록 및 재문의 여부 확인"
"CX-202608-0368","2026-08-21 11:51:42","2026-08-21 12:21:42","2026-08-21 14:39:48","이메일","정책·혜택","할인 조건","해결","일반","여러 할인 중 함께 적용할 수 있는 항목을 문의","할인 조건 확인 필요","할인 적용 기준과 중복 조건 대조 결과 기록 및 재문의 여부 확인"
"CX-202608-0275","2026-08-21 12:15:20","2026-08-21 12:48:20","2026-08-22 22:05:44","채팅","오류·장애","접속 장애","해결","긴급","서비스 화면이 열리지 않아 이용을 중단함 (웹 이용)","서비스 장애 영향 가능성","영향 범위 확인 후 장애 처리 담당 연결 결과 기록 및 재문의 여부 확인"
"CX-202608-0284","2026-08-21 14:48:06","2026-08-21 15:18:06","2026-08-22 07:43:16","채팅","오류·장애","앱 오류","해결","높음","앱을 다시 실행해도 같은 오류 안내가 나타남 (웹 이용)","앱 환경 확인 필요","앱 버전과 발생 환경 확인 후 재현 요청 결과 기록 및 재문의 여부 확인"
"CX-202608-0390","2026-08-21 17:26:17","2026-08-21 17:43:17","2026-08-23 13:03:28","채팅","의견·요청","불편 의견","해결","일반","안내 문구가 길어 핵심 내용을 찾기 어렵다는 의견","탐색 불편 가능성","불편 발생 경로를 분류해 운영 검토 요청 결과 기록 및 재문의 여부 확인"
"CX-202608-0072","2026-08-21 20:14:52","2026-08-21 21:50:52","2026-08-22 18:40:03","채팅","계정·접근","인증 오류","해결","일반","인증번호가 늦게 도착해 입력 시간이 만료됨 (안내 확인 후)","인증 전달 경로 확인 필요","인증 발송 이력과 만료 조건 확인 결과 기록 및 재문의 여부 확인"
"CX-202608-0122","2026-08-21 22:37:39","2026-08-21 23:27:39","2026-08-22 09:49:55","전화","결제·환불","환불 기준","해결","일반","환불 신청 기한과 제외 조건을 확인 요청 (이용 중 확인)","환불 안내 부족 가능성","이용 이력과 환불 기준 확인 후 안내 결과 기록 및 재문의 여부 확인"
"CX-202608-0151","2026-08-22 09:46:06","2026-08-23 03:30:06","2026-08-23 18:42:40","전화","결제·환불","환불 기준","해결","일반","환불 가능한 금액이 어떻게 계산되는지 문의 (재이용)","환불 안내 부족 가능성","이용 이력과 환불 기준 확인 후 안내 결과 기록 및 재문의 여부 확인"
"CX-202608-0379","2026-08-22 12:32:11","2026-08-22 13:09:11","2026-08-23 05:54:11","채팅","정책·혜택","혜택 적용","해결","일반","혜택 사용 기한과 잔여 여부를 확인 요청 (모바일 이용)","혜택 상태 확인 필요","혜택 사용 이력과 적용 상태 확인 결과 기록 및 재문의 여부 확인"
"CX-202608-0105","2026-08-22 13:12:00","2026-08-22 14:53:00","2026-08-23 12:39:25","채팅","가입·온보딩","인증 완료","해결","높음","가입 인증 확인 메일을 다시 받을 수 있는지 문의 (모바일 이용)","완료 상태 노출 확인 필요","인증 완료 상태와 후속 단계 안내 결과 기록 및 재문의 여부 확인"
"CX-202608-0398","2026-08-22 13:30:41","2026-08-22 21:23:41","2026-08-23 00:30:19","앱 리뷰","의견·요청","기능 개선 요청","해결","일반","이용 이력을 더 쉽게 찾을 수 있도록 제안 (모바일 이용)","이용 동선 확인 필요","활용 맥락 기록 후 개선 검토 목록 연결 결과 기록 및 재문의 여부 확인"
"CX-202608-0239","2026-08-22 14:24:24","2026-08-22 15:43:24","2026-08-23 16:38:31","이메일","서비스 이용","설정 변경","해결","일반","변경한 설정이 다음 이용에도 유지되는지 문의 (재이용)","설정 안내 경로 확인 필요","설정 저장 조건과 변경 경로 안내 결과 기록 및 재문의 여부 확인"
"CX-202608-0257","2026-08-22 14:57:19","2026-08-22 15:11:19","2026-08-23 10:59:44","이메일","서비스 이용","이용 방법","해결","일반","자주 사용하는 메뉴에 빠르게 접근하는 방법을 문의 (웹 이용)","사용 경로 확인 필요","이용 경로 안내 및 도움말 접근성 검토 결과 기록 및 재문의 여부 확인"
"CX-202608-0283","2026-08-22 15:00:36","2026-08-22 16:07:36","2026-08-23 07:59:23","채팅","오류·장애","기능 작동 오류","해결","높음","기능 실행 중 오류 안내가 나타나 작업을 멈춤 (웹 이용)","추가 로그 확인 필요","발생 시각과 재현 절차 확인 후 담당 이관 결과 기록 및 재문의 여부 확인"
"CX-202608-0250","2026-08-22 15:53:45","2026-08-22 17:47:45","2026-08-22 23:43:26","전화","서비스 이용","이용 방법","해결","일반","이용 이력을 다시 확인하는 방법을 문의 (웹 이용)","사용 경로 확인 필요","이용 경로 안내 및 도움말 접근성 검토 결과 기록 및 재문의 여부 확인"
"CX-202608-0031","2026-08-22 18:16:55","2026-08-22 19:41:55","2026-08-23 23:57:47","채팅","계정·접근","비밀번호 재설정","해결","일반","비밀번호를 변경한 뒤 로그인 방법을 다시 확인 요청 (재이용)","사용 경로 확인 필요","재설정 링크와 안내 절차 확인 결과 기록 및 재문의 여부 확인"
"CX-202608-0154","2026-08-22 21:16:01","2026-08-22 22:12:01","2026-08-23 10:31:25","채팅","결제·환불","환불 진행상태","해결","일반","환불 완료 안내와 실제 반영 시점의 차이를 문의 (첫 이용)","진행상태 노출 확인 필요","환불 진행상태 확인 후 예상 일정 안내 결과 기록 및 재문의 여부 확인"
"CX-202608-0370","2026-08-23 08:54:40","2026-08-23 09:28:40","","채팅","정책·혜택","할인 조건","처리중","일반","예상한 할인 금액과 실제 표시 금액이 다름 (웹 이용)","할인 조건 확인 필요","할인 적용 기준과 중복 조건 대조"
"CX-202608-0059","2026-08-23 09:52:53","2026-08-23 10:08:53","2026-08-23 16:34:35","채팅","계정·접근","로그인 실패","해결","일반","비밀번호 입력 후에도 로그인 화면으로 돌아옴","인증 오류 확인 필요","인증 상태 및 오류 로그 확인 결과 기록 및 재문의 여부 확인"
"CX-202608-0106","2026-08-23 10:25:38","2026-08-23 11:19:38","2026-08-24 12:06:45","전화","가입·온보딩","초기 설정","해결","일반","처음 이용할 때 필요한 설정 순서를 문의 (이용 중 확인)","온보딩 안내 부족 가능성","초기 설정 도움말 제공 및 노출 위치 검토 결과 기록 및 재문의 여부 확인"
"CX-202608-0214","2026-08-23 10:44:29","2026-08-23 11:53:29","2026-08-23 14:29:03","이메일","서비스 이용","기능 사용법","해결","일반","이용 중인 기능의 기본 동작 방식을 확인 요청 (재이용)","사용법 안내 부족 가능성","기능 도움말 제공 및 설명 보완 항목 기록 결과 기록 및 재문의 여부 확인"
"CX-202608-0044","2026-08-23 15:24:18","2026-08-23 17:00:18","","이메일","계정·접근","인증 오류","처리중","일반","인증번호가 늦게 도착해 입력 시간이 만료됨 (이용 중 확인)","인증 전달 경로 확인 필요","인증 발송 이력과 만료 조건 확인"
"CX-202608-0179","2026-08-23 15:30:24","2026-08-23 17:21:24","2026-08-24 20:00:08","채팅","결제·환불","결제 실패","해결","높음","승인 실패 안내 후 다시 결제해도 되는지 문의 (웹 이용)","결제 상태 확인 필요","승인 내역과 이용 권한 반영 상태 확인 결과 기록 및 재문의 여부 확인"
"CX-202608-0092","2026-08-23 15:48:27","2026-08-23 16:41:27","2026-08-23 19:45:01","이메일","가입·온보딩","사용 시작 방법","해결","일반","첫 이용에 필요한 준비 사항을 확인 요청 (웹 이용)","사용 시작 경로 확인 필요","첫 이용 가이드와 시작 경로 안내 결과 기록 및 재문의 여부 확인"
"CX-202608-0134","2026-08-23 16:12:22","2026-08-23 17:44:22","2026-08-26 16:58:26","이메일","결제·환불","환불 기준","해결","일반","사용을 시작한 뒤에도 환불할 수 있는지 문의 (첫 이용)","환불 안내 부족 가능성","이용 이력과 환불 기준 확인 후 안내 결과 기록 및 재문의 여부 확인"
"CX-202608-0254","2026-08-23 18:36:58","2026-08-23 19:50:58","2026-08-24 03:17:07","채팅","서비스 이용","기능 사용법","해결","일반","도움말을 읽었지만 기능 실행 위치를 찾지 못함 (도움말 확인 후)","사용법 안내 부족 가능성","기능 도움말 제공 및 설명 보완 항목 기록 결과 기록 및 재문의 여부 확인"
"CX-202608-0172","2026-08-23 19:05:29","2026-08-23 20:04:29","2026-08-24 01:19:31","이메일","결제·환불","결제 실패","해결","높음","결제 완료 화면이 나타나지 않아 이용을 진행하지 못함 (첫 이용)","결제 상태 확인 필요","승인 내역과 이용 권한 반영 상태 확인 결과 기록 및 재문의 여부 확인"
"CX-202608-0361","2026-08-23 21:30:39","2026-08-23 22:01:39","2026-08-24 09:17:09","이메일","정책·혜택","할인 조건","해결","일반","예상한 할인 금액과 실제 표시 금액이 다름 (모바일 이용)","할인 조건 확인 필요","할인 적용 기준과 중복 조건 대조 결과 기록 및 재문의 여부 확인"
"CX-202608-0253","2026-08-24 08:13:47","2026-08-24 21:43:47","2026-08-25 21:12:13","채팅","서비스 이용","이용 방법","해결","일반","중단한 작업을 이어서 진행할 수 있는지 문의 (첫 이용)","사용 경로 확인 필요","이용 경로 안내 및 도움말 접근성 검토 결과 기록 및 재문의 여부 확인"
"CX-202608-0143","2026-08-24 09:25:03","2026-08-25 06:14:03","2026-08-26 03:19:21","앱 리뷰","결제·환불","환불 기준","해결","일반","환불 신청 기한과 제외 조건을 확인 요청 (재이용)","환불 안내 부족 가능성","이용 이력과 환불 기준 확인 후 안내 결과 기록 및 재문의 여부 확인"
"CX-202608-0088","2026-08-24 11:04:18","2026-08-24 12:08:18","2026-08-24 18:46:55","채팅","가입·온보딩","초기 설정","해결","일반","가입 완료 후 초기 설정 메뉴 위치를 찾지 못함 (웹 이용)","온보딩 안내 부족 가능성","초기 설정 도움말 제공 및 노출 위치 검토 결과 기록 및 재문의 여부 확인"
"CX-202608-0103","2026-08-24 11:25:51","2026-08-24 11:53:51","2026-08-26 22:17:01","이메일","가입·온보딩","사용 시작 방법","해결","일반","사용 시작 안내를 다시 볼 수 있는지 문의 (웹 이용)","사용 시작 경로 확인 필요","첫 이용 가이드와 시작 경로 안내 결과 기록 및 재문의 여부 확인"
"CX-202608-0178","2026-08-24 12:34:25","2026-08-24 13:14:25","2026-08-24 20:05:03","이메일","결제·환불","환불 기준","해결","일반","사용을 시작한 뒤에도 환불할 수 있는지 문의","환불 안내 부족 가능성","이용 이력과 환불 기준 확인 후 안내 결과 기록 및 재문의 여부 확인"
"CX-202608-0222","2026-08-24 12:48:12","2026-08-24 14:36:12","2026-08-24 18:45:18","채팅","서비스 이용","기능 사용법","해결","일반","주요 기능을 처음 사용하는 순서를 문의","사용법 안내 부족 가능성","기능 도움말 제공 및 설명 보완 항목 기록 결과 기록 및 재문의 여부 확인"
"CX-202608-0126","2026-08-24 13:12:00","","","이메일","결제·환불","결제수단 변경","미처리","일반","결제수단 변경 내용이 언제 적용되는지 문의","결제 설정 경로 확인 필요","결제수단 변경 경로와 적용 시점 안내"
"CX-202608-0333","2026-08-24 14:10:13","2026-08-24 16:06:13","2026-08-25 03:39:53","채팅","해지·변경","플랜 변경","해결","일반","이용 중인 플랜을 변경하면 언제 적용되는지 문의 (모바일 이용)","변경 조건 확인 필요","플랜 적용 시점과 차액 기준 안내 결과 기록 및 재문의 여부 확인"
"CX-202608-0081","2026-08-24 14:15:22","2026-08-24 14:50:22","","이메일","가입·온보딩","인증 완료","처리중","일반","가입 인증이 완료되었는지 확인 요청 (모바일 이용)","완료 상태 노출 확인 필요","인증 완료 상태와 후속 단계 안내"
"CX-202608-0228","2026-08-24 14:22:05","2026-08-24 15:08:05","2026-08-24 16:19:46","전화","서비스 이용","기능 사용법","해결","높음","이용 중인 기능의 기본 동작 방식을 확인 요청 (웹 이용)","사용법 안내 부족 가능성","기능 도움말 제공 및 설명 보완 항목 기록 결과 기록 및 재문의 여부 확인"
"CX-202608-0210","2026-08-24 15:31:40","2026-08-24 17:12:40","2026-08-25 02:00:20","앱 리뷰","서비스 이용","이용 방법","해결","높음","자주 사용하는 메뉴에 빠르게 접근하는 방법을 문의","사용 경로 확인 필요","이용 경로 안내 및 도움말 접근성 검토 결과 기록 및 재문의 여부 확인"
"CX-202608-0245","2026-08-24 16:56:09","2026-08-24 18:28:09","2026-08-25 13:48:50","이메일","서비스 이용","설정 변경","해결","일반","기본 설정으로 되돌리는 방법을 문의 (재이용)","설정 안내 경로 확인 필요","설정 저장 조건과 변경 경로 안내 결과 기록 및 재문의 여부 확인"
"CX-202608-0066","2026-08-24 18:09:15","2026-08-24 19:01:15","","채팅","계정·접근","인증 오류","처리중","일반","인증번호를 입력했지만 인증이 완료되지 않음 (모바일 이용)","인증 전달 경로 확인 필요","인증 발송 이력과 만료 조건 확인"
"CX-202608-0305","2026-08-24 18:32:17","2026-08-24 20:22:17","2026-08-26 22:41:00","전화","오류·장애","접속 장애","해결","일반","접속 대기 화면이 계속 표시되어 확인 요청","서비스 장애 영향 가능성","영향 범위 확인 후 장애 처리 담당 연결 결과 기록 및 재문의 여부 확인"
"CX-202608-0166","2026-08-24 19:16:13","2026-08-25 10:33:13","2026-08-28 11:16:39","채팅","결제·환불","환불 진행상태","해결","일반","환불 접수 안내를 받았지만 다음 일정이 보이지 않음","진행상태 노출 확인 필요","환불 진행상태 확인 후 예상 일정 안내 결과 기록 및 재문의 여부 확인"
"CX-202608-0180","2026-08-24 19:39:46","2026-08-24 20:06:46","2026-08-25 11:06:42","전화","결제·환불","결제 실패","해결","높음","결제 시도 후 서비스 이용 권한이 반영되지 않음 (모바일 이용)","결제 상태 확인 필요","승인 내역과 이용 권한 반영 상태 확인 결과 기록 및 재문의 여부 확인"
"CX-202608-0174","2026-08-24 19:49:10","2026-08-24 20:29:10","","채팅","결제·환불","중복 결제","처리중","긴급","재시도 후 승인 내역이 중복으로 보여 확인 요청 (모바일 이용)","중복 승인 여부 확인 필요","거래 식별값 대조 후 중복 여부 확인"
"CX-202608-0263","2026-08-24 20:10:15","2026-08-24 21:03:15","2026-08-25 21:11:57","전화","서비스 이용","기능 사용법","해결","일반","주요 기능을 처음 사용하는 순서를 문의 (이용 중 확인)","사용법 안내 부족 가능성","기능 도움말 제공 및 설명 보완 항목 기록 결과 기록 및 재문의 여부 확인"
"CX-202608-0340","2026-08-24 20:51:52","2026-08-24 22:10:52","","이메일","해지·변경","구독 해지","처리중","일반","구독 해지 메뉴로 이동하는 방법을 문의 (모바일 이용)","해지 안내 부족 가능성","해지 상태와 잔여 이용 기간 안내"
"CX-202608-0157","2026-08-24 21:01:40","2026-08-24 21:55:40","","채팅","결제·환불","환불 기준","처리중","일반","사용을 시작한 뒤에도 환불할 수 있는지 문의 (안내 확인 후)","환불 안내 부족 가능성","이용 이력과 환불 기준 확인 후 안내"
"CX-202608-0185","2026-08-24 22:57:01","2026-08-25 06:43:01","2026-08-26 00:05:20","채팅","서비스 이용","이용 방법","해결","일반","중단한 작업을 이어서 진행할 수 있는지 문의 (모바일 이용)","사용 경로 확인 필요","이용 경로 안내 및 도움말 접근성 검토 결과 기록 및 재문의 여부 확인"
"CX-202608-0150","2026-08-25 08:54:11","2026-08-25 09:38:11","","전화","결제·환불","결제 실패","처리중","일반","승인 실패 안내 후 다시 결제해도 되는지 문의","결제 상태 확인 필요","승인 내역과 이용 권한 반영 상태 확인"
"CX-202608-0019","2026-08-25 09:34:53","2026-08-25 09:56:53","2026-08-26 09:21:09","채팅","계정·접근","비밀번호 재설정","해결","높음","재설정 링크를 눌러도 다시 로그인 화면으로 이동함","사용 경로 확인 필요","재설정 링크와 안내 절차 확인 결과 기록 및 재문의 여부 확인"
"CX-202608-0127","2026-08-25 10:02:38","2026-08-25 10:33:38","2026-08-26 21:32:24","채팅","결제·환불","환불 기준","해결","일반","환불 신청 기한과 제외 조건을 확인 요청 (모바일 이용)","환불 안내 부족 가능성","이용 이력과 환불 기준 확인 후 안내 결과 기록 및 재문의 여부 확인"
"CX-202608-0268","2026-08-25 12:11:16","2026-08-25 16:19:16","2026-08-26 12:38:45","앱 리뷰","오류·장애","앱 오류","해결","일반","앱 실행 직후 종료되어 이용하지 못함 (첫 이용)","앱 환경 확인 필요","앱 버전과 발생 환경 확인 후 재현 요청 결과 기록 및 재문의 여부 확인"
"CX-202608-0269","2026-08-25 13:11:52","2026-08-26 06:39:52","","전화","오류·장애","앱 오류","처리중","일반","앱을 다시 실행해도 같은 오류 안내가 나타남 (모바일 이용)","앱 환경 확인 필요","앱 버전과 발생 환경 확인 후 재현 요청"
"CX-202608-0288","2026-08-25 13:39:40","2026-08-25 14:52:40","2026-08-26 23:37:29","이메일","오류·장애","기능 작동 오류","해결","일반","기능 실행 중 오류 안내가 나타나 작업을 멈춤","추가 로그 확인 필요","발생 시각과 재현 절차 확인 후 담당 이관 결과 기록 및 재문의 여부 확인"
"CX-202608-0028","2026-08-25 14:42:00","2026-08-25 15:16:00","2026-08-28 02:51:55","채팅","계정·접근","비밀번호 재설정","해결","높음","재설정 링크를 눌러도 다시 로그인 화면으로 이동함 (모바일 이용)","사용 경로 확인 필요","재설정 링크와 안내 절차 확인 결과 기록 및 재문의 여부 확인"
"CX-202608-0083","2026-08-25 15:17:56","2026-08-25 22:31:56","2026-08-28 13:22:13","앱 리뷰","가입·온보딩","사용 시작 방법","해결","일반","가입 후 서비스를 어디서 시작하는지 문의","사용 시작 경로 확인 필요","첫 이용 가이드와 시작 경로 안내 결과 기록 및 재문의 여부 확인"
"CX-202608-0001","2026-08-25 15:49:26","2026-08-25 17:02:26","","전화","계정·접근","로그인 실패","처리중","높음","로그인 시도가 반복 실패해 이용을 시작하지 못함 (재이용)","인증 오류 확인 필요","인증 상태 및 오류 로그 확인"
"CX-202608-0146","2026-08-25 17:40:06","2026-08-26 03:15:06","2026-08-26 09:30:58","채팅","결제·환불","중복 결제","해결","높음","재시도 후 승인 내역이 중복으로 보여 확인 요청","중복 승인 여부 확인 필요","거래 식별값 대조 후 중복 여부 확인 결과 기록 및 재문의 여부 확인"
"CX-202608-0378","2026-08-25 17:58:59","2026-08-25 18:23:59","2026-08-27 11:55:57","채팅","정책·혜택","혜택 적용","해결","일반","혜택을 선택했지만 적용 표시가 나타나지 않음","혜택 상태 확인 필요","혜택 사용 이력과 적용 상태 확인 결과 기록 및 재문의 여부 확인"
"CX-202608-0165","2026-08-25 21:18:14","2026-08-25 22:11:14","2026-08-26 03:29:02","전화","결제·환불","환불 진행상태","해결","일반","환불 신청 후 처리 상태를 어디서 확인하는지 문의 (재이용)","진행상태 노출 확인 필요","환불 진행상태 확인 후 예상 일정 안내 결과 기록 및 재문의 여부 확인"
"CX-202608-0192","2026-08-25 22:58:30","2026-08-26 00:24:30","2026-08-26 04:06:47","전화","서비스 이용","설정 변경","해결","일반","변경한 설정이 다음 이용에도 유지되는지 문의 (웹 이용)","설정 안내 경로 확인 필요","설정 저장 조건과 변경 경로 안내 결과 기록 및 재문의 여부 확인"
"CX-202608-0181","2026-08-26 09:11:43","2026-08-26 09:24:43","2026-08-26 21:14:58","채팅","결제·환불","환불 진행상태","해결","높음","환불 신청 후 처리 상태를 어디서 확인하는지 문의 (웹 이용)","진행상태 노출 확인 필요","환불 진행상태 확인 후 예상 일정 안내 결과 기록 및 재문의 여부 확인"
"CX-202608-0187","2026-08-26 09:53:09","2026-08-26 10:17:09","2026-08-27 02:07:26","이메일","서비스 이용","콘텐츠/기능 접근","해결","일반","일부 콘텐츠의 접근 조건이 궁금하다고 문의 (모바일 이용)","접근 조건 안내 확인 필요","이용 권한과 접근 조건 대조 후 안내 결과 기록 및 재문의 여부 확인"
"CX-202608-0232","2026-08-26 10:59:12","2026-08-26 11:41:12","","전화","서비스 이용","기능 사용법","처리중","일반","이용 중인 기능의 기본 동작 방식을 확인 요청 (안내 확인 후)","사용법 안내 부족 가능성","기능 도움말 제공 및 설명 보완 항목 기록"
"CX-202608-0115","2026-08-26 11:01:20","2026-08-26 12:09:20","2026-08-26 14:24:15","채팅","가입·온보딩","인증 완료","해결","일반","가입 인증이 완료되었는지 확인 요청","완료 상태 노출 확인 필요","인증 완료 상태와 후속 단계 안내 결과 기록 및 재문의 여부 확인"
"CX-202608-0348","2026-08-26 11:15:37","2026-08-26 14:28:37","2026-08-26 18:03:26","앱 리뷰","정책·혜택","프로모션","해결","일반","진행 중인 프로모션의 참여 조건을 문의 (웹 이용)","참여 조건 안내 확인 필요","프로모션 기간과 대상 조건 확인 결과 기록 및 재문의 여부 확인"
"CX-202608-0413","2026-08-26 12:04:13","2026-08-26 14:02:13","2026-08-26 18:28:24","이메일","기타","분류 필요","해결","일반","이전 안내의 후속 확인을 요청했으나 유형이 불명확함","추가 내용 확인 필요","문의 목적 확인 후 담당 및 세부유형 분류 결과 기록 및 재문의 여부 확인"
"CX-202608-0345","2026-08-26 12:27:07","2026-08-26 13:31:07","","채팅","해지·변경","구독 해지","처리중","일반","해지 신청이 정상 접수되었는지 확인 요청 (모바일 이용)","해지 안내 부족 가능성","해지 상태와 잔여 이용 기간 안내"
"CX-202608-0049","2026-08-26 12:41:42","2026-08-26 14:06:42","2026-08-28 19:52:46","이메일","계정·접근","인증 오류","해결","일반","인증번호를 입력했지만 인증이 완료되지 않음 (안내 확인 후)","인증 전달 경로 확인 필요","인증 발송 이력과 만료 조건 확인 결과 기록 및 재문의 여부 확인"
"CX-202608-0352","2026-08-26 15:34:59","2026-08-26 16:31:59","2026-08-28 23:54:28","채팅","정책·혜택","할인 조건","해결","일반","할인 적용 조건과 제외 대상을 문의 (첫 이용)","할인 조건 확인 필요","할인 적용 기준과 중복 조건 대조 결과 기록 및 재문의 여부 확인"
"CX-202608-0414","2026-08-26 16:09:01","2026-08-26 16:54:01","2026-08-27 02:51:38","이메일","기타","분류 필요","해결","일반","문의 내용의 담당 부서를 확인해 달라고 요청 (모바일 이용)","추가 내용 확인 필요","문의 목적 확인 후 담당 및 세부유형 분류 결과 기록 및 재문의 여부 확인"
"CX-202608-0026","2026-08-26 16:26:23","2026-08-26 18:25:23","2026-08-28 21:38:32","이메일","계정·접근","비밀번호 재설정","해결","일반","비밀번호를 변경한 뒤 로그인 방법을 다시 확인 요청 (웹 이용)","사용 경로 확인 필요","재설정 링크와 안내 절차 확인 결과 기록 및 재문의 여부 확인"
"CX-202608-0056","2026-08-26 17:09:49","","","이메일","계정·접근","계정 정보 변경","미처리","일반","계정에 표시되는 기본 정보 변경 방법을 문의","안내 부족 가능성","정보 변경 경로와 인증 조건 안내"
"CX-202608-0366","2026-08-26 17:14:35","2026-08-26 18:12:35","2026-08-26 20:07:13","채팅","정책·혜택","혜택 적용","해결","일반","받은 혜택을 어디에서 사용하는지 문의 (첫 이용)","혜택 상태 확인 필요","혜택 사용 이력과 적용 상태 확인 결과 기록 및 재문의 여부 확인"
"CX-202608-0147","2026-08-26 17:21:40","2026-08-27 06:40:40","2026-08-28 11:51:23","채팅","결제·환불","결제 실패","해결","일반","결제 완료 화면이 나타나지 않아 이용을 진행하지 못함 (웹 이용)","결제 상태 확인 필요","승인 내역과 이용 권한 반영 상태 확인 결과 기록 및 재문의 여부 확인"
"CX-202608-0191","2026-08-26 17:34:36","2026-08-26 22:32:36","","앱 리뷰","서비스 이용","기능 사용법","처리중","일반","주요 기능을 처음 사용하는 순서를 문의 (안내 확인 후)","사용법 안내 부족 가능성","기능 도움말 제공 및 설명 보완 항목 기록"
"CX-202608-0183","2026-08-26 17:34:41","2026-08-27 01:09:41","2026-08-29 22:44:02","앱 리뷰","결제·환불","환불 기준","해결","일반","환불 가능한 금액이 어떻게 계산되는지 문의","환불 안내 부족 가능성","이용 이력과 환불 기준 확인 후 안내 결과 기록 및 재문의 여부 확인"
"CX-202608-0394","2026-08-26 17:39:36","2026-08-26 18:01:36","2026-08-26 19:45:53","채팅","의견·요청","신규 기능 요청","해결","일반","자주 사용하는 설정을 저장하는 기능을 요청 (모바일 이용)","추가 수요 확인 필요","요청 목적 기록 및 기존 대안 안내 결과 기록 및 재문의 여부 확인"
"CX-202608-0246","2026-08-26 18:00:01","2026-08-26 19:52:01","2026-08-27 04:56:22","채팅","서비스 이용","설정 변경","해결","일반","설정 변경 후 적용 여부를 어디서 확인하는지 문의 (이용 중 확인)","설정 안내 경로 확인 필요","설정 저장 조건과 변경 경로 안내 결과 기록 및 재문의 여부 확인"
"CX-202608-0327","2026-08-26 18:28:53","2026-08-26 20:10:53","2026-08-27 13:22:40","채팅","해지·변경","구독 해지","해결","일반","구독 해지 메뉴로 이동하는 방법을 문의","해지 안내 부족 가능성","해지 상태와 잔여 이용 기간 안내 결과 기록 및 재문의 여부 확인"
"CX-202608-0167","2026-08-26 19:15:58","2026-08-26 20:30:58","","전화","결제·환불","중복 결제","처리중","일반","결제 내역에 동일한 금액이 두 건 표시됨 (모바일 이용)","중복 승인 여부 확인 필요","거래 식별값 대조 후 중복 여부 확인"
"CX-202608-0391","2026-08-26 19:42:22","2026-08-26 20:01:22","","이메일","의견·요청","불편 의견","처리중","일반","메뉴 이름이 비슷해 구분하기 어렵다는 의견 (웹 이용)","탐색 불편 가능성","불편 발생 경로를 분류해 운영 검토 요청"
"CX-202608-0350","2026-08-26 21:01:33","2026-08-26 22:06:33","2026-08-27 09:28:23","전화","정책·혜택","프로모션","해결","일반","이전 참여 이력이 있어도 행사에 참여할 수 있는지 문의","참여 조건 안내 확인 필요","프로모션 기간과 대상 조건 확인 결과 기록 및 재문의 여부 확인"
"CX-202608-0302","2026-08-26 21:46:35","2026-08-26 22:10:35","2026-08-27 08:41:10","채팅","오류·장애","접속 장애","해결","긴급","서비스 화면이 열리지 않아 이용을 중단함 (이용 중 확인)","서비스 장애 영향 가능성","영향 범위 확인 후 장애 처리 담당 연결 결과 기록 및 재문의 여부 확인"
"CX-202608-0216","2026-08-26 22:32:06","2026-08-26 22:52:06","","전화","서비스 이용","기능 사용법","처리중","일반","주요 기능을 처음 사용하는 순서를 문의 (재이용)","사용법 안내 부족 가능성","기능 도움말 제공 및 설명 보완 항목 기록"
"CX-202608-0040","2026-08-26 22:35:19","2026-08-26 22:50:19","","전화","계정·접근","인증 오류","처리중","긴급","본인 인증 단계에서 다음 화면으로 넘어가지 않음","인증 전달 경로 확인 필요","인증 발송 이력과 만료 조건 확인"
"CX-202608-0311","2026-08-26 22:41:22","2026-08-26 23:15:22","","채팅","오류·장애","앱 오류","처리중","일반","앱에서 특정 메뉴를 열면 응답이 멈춤 (모바일 이용)","앱 환경 확인 필요","앱 버전과 발생 환경 확인 후 재현 요청"
"CX-202608-0020","2026-08-27 08:02:25","2026-08-27 09:01:25","","채팅","계정·접근","로그인 실패","처리중","높음","정상 계정으로 로그인했지만 접속이 유지되지 않음 (이용 중 확인)","인증 오류 확인 필요","인증 상태 및 오류 로그 확인"
"CX-202608-0098","2026-08-27 10:27:47","2026-08-27 14:31:47","2026-08-27 22:02:55","앱 리뷰","가입·온보딩","사용 시작 방법","해결","일반","가입 후 서비스를 어디서 시작하는지 문의 (모바일 이용)","사용 시작 경로 확인 필요","첫 이용 가이드와 시작 경로 안내 결과 기록 및 재문의 여부 확인"
"CX-202608-0420","2026-08-27 10:45:45","2026-08-27 11:28:45","2026-08-28 05:34:43","전화","기타","분류 필요","해결","일반","여러 문의를 함께 접수해 세부 분류가 필요함 (모바일 이용)","추가 내용 확인 필요","문의 목적 확인 후 담당 및 세부유형 분류 결과 기록 및 재문의 여부 확인"
"CX-202608-0206","2026-08-27 12:39:22","2026-08-27 14:06:22","2026-08-28 04:50:02","전화","서비스 이용","콘텐츠/기능 접근","해결","일반","일부 콘텐츠의 접근 조건이 궁금하다고 문의 (첫 이용)","접근 조건 안내 확인 필요","이용 권한과 접근 조건 대조 후 안내 결과 기록 및 재문의 여부 확인"
"CX-202608-0131","2026-08-27 13:06:52","2026-08-27 14:07:52","","채팅","결제·환불","환불 기준","처리중","일반","환불 가능한 금액이 어떻게 계산되는지 문의 (이용 중 확인)","환불 안내 부족 가능성","이용 이력과 환불 기준 확인 후 안내"
"CX-202608-0300","2026-08-27 13:51:46","2026-08-27 14:11:46","2026-08-28 09:55:08","채팅","오류·장애","기능 작동 오류","해결","일반","반복 실행해도 요청한 작업이 완료되지 않음 (첫 이용)","추가 로그 확인 필요","발생 시각과 재현 절차 확인 후 담당 이관 결과 기록 및 재문의 여부 확인"
"CX-202608-0280","2026-08-27 14:07:19","2026-08-27 14:26:19","2026-08-29 00:47:37","채팅","오류·장애","접속 장애","해결","긴급","서비스 화면이 열리지 않아 이용을 중단함","서비스 장애 영향 가능성","영향 범위 확인 후 장애 처리 담당 연결 결과 기록 및 재문의 여부 확인"
"CX-202608-0090","2026-08-27 17:27:57","2026-08-28 10:23:57","","앱 리뷰","가입·온보딩","초기 설정","처리중","일반","처음 이용할 때 필요한 설정 순서를 문의 (첫 이용)","온보딩 안내 부족 가능성","초기 설정 도움말 제공 및 노출 위치 검토"
"CX-202608-0024","2026-08-27 18:07:22","2026-08-27 18:28:22","","이메일","계정·접근","로그인 실패","처리중","긴급","비밀번호 입력 후에도 로그인 화면으로 돌아옴 (이용 중 확인)","인증 오류 확인 필요","인증 상태 및 오류 로그 확인"
"CX-202608-0271","2026-08-27 18:39:23","2026-08-27 19:18:23","2026-08-28 16:14:34","이메일","오류·장애","접속 장애","해결","일반","연결이 끊겨 진행 중인 작업을 완료하지 못함","서비스 장애 영향 가능성","영향 범위 확인 후 장애 처리 담당 연결 결과 기록 및 재문의 여부 확인"
"CX-202608-0199","2026-08-27 19:46:57","2026-08-28 03:53:57","2026-08-28 21:20:15","이메일","서비스 이용","기능 사용법","해결","일반","도움말을 읽었지만 기능 실행 위치를 찾지 못함 (모바일 이용)","사용법 안내 부족 가능성","기능 도움말 제공 및 설명 보완 항목 기록 결과 기록 및 재문의 여부 확인"
"CX-202608-0285","2026-08-27 21:42:43","2026-08-27 22:14:43","","앱 리뷰","오류·장애","기능 작동 오류","처리중","긴급","반복 실행해도 요청한 작업이 완료되지 않음 (모바일 이용)","추가 로그 확인 필요","발생 시각과 재현 절차 확인 후 담당 이관"
"CX-202608-0169","2026-08-28 10:40:46","2026-08-28 11:47:46","","전화","결제·환불","결제 실패","처리중","일반","결제 시도 후 서비스 이용 권한이 반영되지 않음 (웹 이용)","결제 상태 확인 필요","승인 내역과 이용 권한 반영 상태 확인"
"CX-202608-0279","2026-08-28 15:26:36","2026-08-28 16:26:36","2026-08-29 00:15:32","이메일","오류·장애","앱 오류","해결","일반","앱에서 특정 메뉴를 열면 응답이 멈춤","앱 환경 확인 필요","앱 버전과 발생 환경 확인 후 재현 요청 결과 기록 및 재문의 여부 확인"
"CX-202608-0052","2026-08-28 15:37:44","2026-08-28 17:36:44","","채팅","계정·접근","계정 정보 변경","처리중","높음","계정 정보 수정 메뉴의 위치를 찾지 못함 (모바일 이용)","안내 부족 가능성","정보 변경 경로와 인증 조건 안내"
"CX-202608-0386","2026-08-28 17:01:23","2026-08-28 17:59:23","2026-08-28 22:16:04","전화","의견·요청","신규 기능 요청","해결","높음","변경 사항을 미리 안내받는 기능을 제안 (모바일 이용)","추가 수요 확인 필요","요청 목적 기록 및 기존 대안 안내 결과 기록 및 재문의 여부 확인"
"CX-202608-0145","2026-08-28 18:22:31","2026-08-28 19:48:31","2026-08-29 00:52:21","채팅","결제·환불","환불 기준","해결","높음","사용을 시작한 뒤에도 환불할 수 있는지 문의 (모바일 이용)","환불 안내 부족 가능성","이용 이력과 환불 기준 확인 후 안내 결과 기록 및 재문의 여부 확인"
"CX-202608-0161","2026-08-28 18:56:55","2026-08-28 19:50:55","2026-08-29 08:58:30","이메일","결제·환불","환불 진행상태","해결","일반","환불 신청 후 처리 상태를 어디서 확인하는지 문의 (모바일 이용)","진행상태 노출 확인 필요","환불 진행상태 확인 후 예상 일정 안내 결과 기록 및 재문의 여부 확인"
"CX-202608-0129","2026-08-28 19:00:26","2026-08-28 20:35:26","2026-08-31 08:12:04","채팅","결제·환불","환불 진행상태","해결","높음","환불 접수 안내를 받았지만 다음 일정이 보이지 않음 (모바일 이용)","진행상태 노출 확인 필요","환불 진행상태 확인 후 예상 일정 안내 결과 기록 및 재문의 여부 확인"
"CX-202608-0109","2026-08-28 19:06:31","2026-08-28 20:28:31","2026-08-29 12:30:21","이메일","가입·온보딩","초기 설정","해결","일반","가입 완료 후 초기 설정 메뉴 위치를 찾지 못함 (첫 이용)","온보딩 안내 부족 가능성","초기 설정 도움말 제공 및 노출 위치 검토 결과 기록 및 재문의 여부 확인"
"CX-202608-0265","2026-08-28 19:17:50","2026-08-28 19:50:50","2026-08-29 23:22:02","이메일","오류·장애","앱 오류","해결","긴급","앱 실행 직후 종료되어 이용하지 못함 (모바일 이용)","앱 환경 확인 필요","앱 버전과 발생 환경 확인 후 재현 요청 결과 기록 및 재문의 여부 확인"
"CX-202608-0177","2026-08-28 19:33:24","2026-08-28 19:51:24","2026-08-29 09:15:05","전화","결제·환불","환불 진행상태","해결","높음","환불 완료 안내와 실제 반영 시점의 차이를 문의","진행상태 노출 확인 필요","환불 진행상태 확인 후 예상 일정 안내 결과 기록 및 재문의 여부 확인"
"CX-202608-0076","2026-08-28 19:56:58","2026-08-28 21:38:58","2026-08-29 07:15:11","전화","가입·온보딩","사용 시작 방법","해결","일반","가입 후 서비스를 어디서 시작하는지 문의 (첫 이용)","사용 시작 경로 확인 필요","첫 이용 가이드와 시작 경로 안내 결과 기록 및 재문의 여부 확인"
"CX-202608-0173","2026-08-28 21:49:33","2026-08-28 22:42:33","2026-08-31 15:13:32","전화","결제·환불","환불 기준","해결","일반","환불 가능한 금액이 어떻게 계산되는지 문의 (안내 확인 후)","환불 안내 부족 가능성","이용 이력과 환불 기준 확인 후 안내 결과 기록 및 재문의 여부 확인"
"CX-202608-0286","2026-08-28 22:31:34","2026-08-28 22:56:34","2026-08-30 01:57:01","채팅","오류·장애","앱 오류","해결","일반","앱을 다시 실행해도 같은 오류 안내가 나타남 (첫 이용)","앱 환경 확인 필요","앱 버전과 발생 환경 확인 후 재현 요청 결과 기록 및 재문의 여부 확인"
"CX-202608-0235","2026-08-29 09:28:51","2026-08-29 11:25:51","2026-08-31 11:46:07","이메일","서비스 이용","콘텐츠/기능 접근","해결","일반","현재 이용 상태에서 사용할 수 있는 메뉴를 문의","접근 조건 안내 확인 필요","이용 권한과 접근 조건 대조 후 안내 결과 기록 및 재문의 여부 확인"
"CX-202608-0411","2026-08-29 14:16:52","2026-08-29 15:19:52","2026-08-30 03:28:12","채팅","기타","일반 문의","해결","높음","이전 문의 내용을 다시 확인하는 경로를 문의","지원 경로 안내 확인 필요","지원 채널과 답변 확인 경로 안내 결과 기록 및 재문의 여부 확인"
"CX-202608-0003","2026-08-29 14:37:46","2026-08-29 15:55:46","2026-08-30 03:12:34","이메일","계정·접근","비밀번호 재설정","해결","높음","비밀번호를 변경한 뒤 로그인 방법을 다시 확인 요청 (첫 이용)","사용 경로 확인 필요","재설정 링크와 안내 절차 확인 결과 기록 및 재문의 여부 확인"
"CX-202608-0190","2026-08-29 16:28:28","2026-08-29 20:07:28","2026-08-30 12:41:24","앱 리뷰","서비스 이용","이용 방법","해결","일반","이용 이력을 다시 확인하는 방법을 문의 (모바일 이용)","사용 경로 확인 필요","이용 경로 안내 및 도움말 접근성 검토 결과 기록 및 재문의 여부 확인"
"CX-202608-0211","2026-08-29 18:48:41","2026-08-29 23:51:41","2026-08-30 22:08:41","앱 리뷰","서비스 이용","콘텐츠/기능 접근","해결","높음","이용 가능한 기능의 범위를 확인 요청 (첫 이용)","접근 조건 안내 확인 필요","이용 권한과 접근 조건 대조 후 안내 결과 기록 및 재문의 여부 확인"
"CX-202608-0061","2026-08-29 19:53:47","2026-08-30 07:29:47","2026-08-30 17:14:22","채팅","계정·접근","인증 오류","해결","일반","본인 인증 단계에서 다음 화면으로 넘어가지 않음 (첫 이용)","인증 전달 경로 확인 필요","인증 발송 이력과 만료 조건 확인 결과 기록 및 재문의 여부 확인"
"CX-202608-0295","2026-08-29 20:36:02","2026-08-30 15:50:02","","채팅","오류·장애","접속 장애","처리중","높음","연결이 끊겨 진행 중인 작업을 완료하지 못함 (모바일 이용)","서비스 장애 영향 가능성","영향 범위 확인 후 장애 처리 담당 연결"
"CX-202608-0101","2026-08-29 21:14:26","2026-08-29 23:25:26","2026-08-30 12:56:13","앱 리뷰","가입·온보딩","가입 절차","해결","일반","가입 도중 중단한 내용을 이어서 입력할 수 있는지 문의 (웹 이용)","가입 절차 안내 확인 필요","가입 단계와 필수 항목 안내 결과 기록 및 재문의 여부 확인"
"CX-202608-0303","2026-08-29 22:23:19","","","전화","오류·장애","앱 오류","미처리","높음","앱을 다시 실행해도 같은 오류 안내가 나타남","앱 환경 확인 필요","앱 버전과 발생 환경 확인 후 재현 요청"
"CX-202608-0264","2026-08-29 22:48:40","2026-08-30 00:00:40","","채팅","서비스 이용","이용 방법","처리중","높음","자주 사용하는 메뉴에 빠르게 접근하는 방법을 문의 (재이용)","사용 경로 확인 필요","이용 경로 안내 및 도움말 접근성 검토"
"CX-202608-0168","2026-08-30 08:01:49","2026-08-30 15:27:49","","전화","결제·환불","환불 진행상태","처리중","일반","환불 접수 안내를 받았지만 다음 일정이 보이지 않음 (이용 중 확인)","진행상태 노출 확인 필요","환불 진행상태 확인 후 예상 일정 안내"
"CX-202608-0051","2026-08-30 08:21:32","2026-08-30 15:17:32","","앱 리뷰","계정·접근","비밀번호 재설정","처리중","일반","재설정 링크를 눌러도 다시 로그인 화면으로 이동함 (재이용)","사용 경로 확인 필요","재설정 링크와 안내 절차 확인"
"CX-202608-0113","2026-08-30 08:23:42","2026-08-30 08:35:42","","전화","가입·온보딩","초기 설정","처리중","일반","초기 설정을 건너뛰었는데 다시 진행할 수 있는지 문의 (웹 이용)","온보딩 안내 부족 가능성","초기 설정 도움말 제공 및 노출 위치 검토"
"CX-202608-0355","2026-08-30 09:07:27","2026-08-30 19:24:27","2026-08-31 07:06:31","전화","정책·혜택","혜택 적용","해결","일반","혜택 사용 기한과 잔여 여부를 확인 요청","혜택 상태 확인 필요","혜택 사용 이력과 적용 상태 확인 결과 기록 및 재문의 여부 확인"
"CX-202608-0078","2026-08-30 09:28:05","2026-08-30 15:06:05","","앱 리뷰","가입·온보딩","사용 시작 방법","처리중","높음","첫 이용에 필요한 준비 사항을 확인 요청 (첫 이용)","사용 시작 경로 확인 필요","첫 이용 가이드와 시작 경로 안내"
"CX-202608-0343","2026-08-30 09:28:16","2026-08-30 10:48:16","","채팅","해지·변경","자동결제 해제","처리중","일반","자동결제 중지 설정이 반영되었는지 확인 요청 (모바일 이용)","결제 설정 안내 확인 필요","자동결제 설정 상태와 다음 예정일 확인"
"CX-202608-0042","2026-08-30 10:26:27","","","채팅","계정·접근","로그인 실패","미처리","높음","로그인 시도가 반복 실패해 이용을 시작하지 못함 (문의 재접수)","인증 오류 확인 필요","인증 상태 및 오류 로그 확인"
"CX-202608-0405","2026-08-30 10:42:47","2026-08-30 11:57:47","2026-08-31 09:12:33","채팅","의견·요청","기능 개선 요청","해결","일반","반복 입력 항목을 줄일 수 있도록 개선 요청","이용 동선 확인 필요","활용 맥락 기록 후 개선 검토 목록 연결 결과 기록 및 재문의 여부 확인"
"CX-202608-0008","2026-08-30 10:46:28","","","이메일","계정·접근","계정 정보 변경","미처리","일반","계정 정보 수정 메뉴의 위치를 찾지 못함 (웹 이용)","안내 부족 가능성","정보 변경 경로와 인증 조건 안내"
"CX-202608-0093","2026-08-30 11:07:47","2026-08-30 11:30:47","2026-08-30 14:16:12","채팅","가입·온보딩","사용 시작 방법","해결","일반","사용 시작 안내를 다시 볼 수 있는지 문의 (모바일 이용)","사용 시작 경로 확인 필요","첫 이용 가이드와 시작 경로 안내 결과 기록 및 재문의 여부 확인"
"CX-202608-0400","2026-08-30 11:26:18","2026-08-30 12:22:18","","채팅","의견·요청","기능 개선 요청","처리중","일반","자주 사용하는 메뉴의 위치를 조정해 달라고 요청","이용 동선 확인 필요","활용 맥락 기록 후 개선 검토 목록 연결"
"CX-202608-0080","2026-08-30 11:37:29","","","이메일","가입·온보딩","가입 절차","미처리","일반","가입 도중 중단한 내용을 이어서 입력할 수 있는지 문의 (모바일 이용)","가입 절차 안내 확인 필요","가입 단계와 필수 항목 안내"
"CX-202608-0170","2026-08-30 11:49:47","2026-08-30 13:25:47","","앱 리뷰","결제·환불","환불 기준","처리중","일반","사용을 시작한 뒤에도 환불할 수 있는지 문의 (문의 재접수)","환불 안내 부족 가능성","이용 이력과 환불 기준 확인 후 안내"
"CX-202608-0138","2026-08-30 13:01:01","2026-08-30 13:27:01","","이메일","결제·환불","결제수단 변경","처리중","일반","다음 결제부터 다른 결제수단을 사용하고 싶음 (웹 이용)","결제 설정 경로 확인 필요","결제수단 변경 경로와 적용 시점 안내"
"CX-202608-0251","2026-08-30 13:01:17","2026-08-30 15:23:17","","앱 리뷰","서비스 이용","기능 사용법","처리중","일반","이용 중인 기능의 기본 동작 방식을 확인 요청 (설정 화면 확인 중)","사용법 안내 부족 가능성","기능 도움말 제공 및 설명 보완 항목 기록"
"CX-202608-0315","2026-08-30 13:11:49","2026-08-30 14:37:49","2026-08-31 06:46:49","채팅","해지·변경","구독 해지","해결","일반","해지 신청이 정상 접수되었는지 확인 요청 (웹 이용)","해지 안내 부족 가능성","해지 상태와 잔여 이용 기간 안내 결과 기록 및 재문의 여부 확인"
"CX-202608-0077","2026-08-30 13:40:33","2026-08-30 14:21:33","2026-08-30 17:44:23","이메일","가입·온보딩","사용 시작 방법","해결","일반","사용 시작 안내를 다시 볼 수 있는지 문의","사용 시작 경로 확인 필요","첫 이용 가이드와 시작 경로 안내 결과 기록 및 재문의 여부 확인"
"CX-202608-0133","2026-08-30 14:07:24","","","채팅","결제·환불","결제수단 변경","미처리","높음","등록된 결제수단을 삭제하는 방법을 문의","결제 설정 경로 확인 필요","결제수단 변경 경로와 적용 시점 안내"
"CX-202608-0293","2026-08-30 14:23:46","2026-08-30 14:47:46","","앱 리뷰","오류·장애","접속 장애","처리중","긴급","접속 대기 화면이 계속 표시되어 확인 요청 (첫 이용)","서비스 장애 영향 가능성","영향 범위 확인 후 장애 처리 담당 연결"
"CX-202608-0249","2026-08-30 14:27:43","2026-08-30 15:50:43","2026-08-31 13:37:24","이메일","서비스 이용","설정 변경","해결","일반","설정 변경 후 적용 여부를 어디서 확인하는지 문의 (재이용)","설정 안내 경로 확인 필요","설정 저장 조건과 변경 경로 안내 결과 기록 및 재문의 여부 확인"
"CX-202608-0371","2026-08-30 14:39:13","2026-08-30 16:16:13","2026-08-31 01:31:55","채팅","정책·혜택","혜택 적용","해결","높음","혜택을 선택했지만 적용 표시가 나타나지 않음 (웹 이용)","혜택 상태 확인 필요","혜택 사용 이력과 적용 상태 확인 결과 기록 및 재문의 여부 확인"
"CX-202608-0310","2026-08-30 14:49:06","2026-08-30 15:04:06","","앱 리뷰","오류·장애","접속 장애","처리중","긴급","서비스 화면이 열리지 않아 이용을 중단함 (모바일 이용)","서비스 장애 영향 가능성","영향 범위 확인 후 장애 처리 담당 연결"
"CX-202608-0079","2026-08-30 15:50:00","","","전화","가입·온보딩","초기 설정","미처리","일반","처음 이용할 때 필요한 설정 순서를 문의 (모바일 이용)","온보딩 안내 부족 가능성","초기 설정 도움말 제공 및 노출 위치 검토"
"CX-202608-0207","2026-08-30 16:08:26","2026-08-30 17:29:26","","채팅","서비스 이용","기능 사용법","처리중","일반","이용 중인 기능의 기본 동작 방식을 확인 요청 (문의 재접수)","사용법 안내 부족 가능성","기능 도움말 제공 및 설명 보완 항목 기록"
"CX-202608-0213","2026-08-30 16:24:03","2026-08-30 16:55:03","","채팅","서비스 이용","기능 사용법","처리중","일반","주요 기능을 처음 사용하는 순서를 문의 (모바일 이용)","사용법 안내 부족 가능성","기능 도움말 제공 및 설명 보완 항목 기록"
"CX-202608-0292","2026-08-30 18:07:30","","","채팅","오류·장애","앱 오류","미처리","긴급","앱 실행 직후 종료되어 이용하지 못함","앱 환경 확인 필요","앱 버전과 발생 환경 확인 후 재현 요청"
"CX-202608-0017","2026-08-30 18:20:36","2026-08-30 19:53:36","","이메일","계정·접근","비밀번호 재설정","처리중","일반","재설정 링크를 눌러도 다시 로그인 화면으로 이동함 (웹 이용)","사용 경로 확인 필요","재설정 링크와 안내 절차 확인"
"CX-202608-0084","2026-08-30 18:36:20","2026-08-30 19:36:20","2026-08-31 14:06:19","이메일","가입·온보딩","초기 설정","해결","일반","처음 이용할 때 필요한 설정 순서를 문의","온보딩 안내 부족 가능성","초기 설정 도움말 제공 및 노출 위치 검토 결과 기록 및 재문의 여부 확인"
"CX-202608-0349","2026-08-30 19:30:33","2026-08-30 21:02:33","","전화","정책·혜택","이용 정책","처리중","높음","현재 이용 방식이 정책상 가능한지 확인 요청 (모바일 이용)","정책 문구 명확성 확인 필요","관련 정책 항목과 적용 시점 안내"
"CX-202608-0010","2026-08-30 20:45:03","2026-08-30 21:56:03","","채팅","계정·접근","비밀번호 재설정","처리중","일반","비밀번호 변경 안내 메일의 유효시간을 문의 (웹 이용)","사용 경로 확인 필요","재설정 링크와 안내 절차 확인"
"CX-202608-0047","2026-08-30 21:15:44","","","이메일","계정·접근","인증 오류","미처리","일반","인증번호를 입력했지만 인증이 완료되지 않음 (재이용)","인증 전달 경로 확인 필요","인증 발송 이력과 만료 조건 확인"
"CX-202608-0316","2026-08-30 21:50:42","2026-08-30 23:20:42","2026-08-31 04:40:23","전화","해지·변경","자동결제 해제","해결","일반","자동결제 해제 후 별도 해지 절차가 필요한지 문의 (웹 이용)","결제 설정 안내 확인 필요","자동결제 설정 상태와 다음 예정일 확인 결과 기록 및 재문의 여부 확인"
"CX-202608-0164","2026-08-31 08:17:19","2026-08-31 08:45:19","2026-08-31 17:16:19","이메일","결제·환불","환불 진행상태","해결","일반","환불 신청 후 처리 상태를 어디서 확인하는지 문의 (이용 중 확인)","진행상태 노출 확인 필요","환불 진행상태 확인 후 예상 일정 안내 결과 기록 및 재문의 여부 확인"
"CX-202608-0416","2026-08-31 09:08:21","2026-08-31 10:10:21","","이메일","기타","일반 문의","처리중","일반","문의 접수 후 답변 확인 방법을 문의 (모바일 이용)","지원 경로 안내 확인 필요","지원 채널과 답변 확인 경로 안내"
"CX-202608-0358","2026-08-31 09:22:33","2026-08-31 09:55:33","","이메일","정책·혜택","혜택 적용","처리중","일반","혜택 사용 기한과 잔여 여부를 확인 요청 (웹 이용)","혜택 상태 확인 필요","혜택 사용 이력과 적용 상태 확인"
"CX-202608-0344","2026-08-31 09:32:25","","","앱 리뷰","해지·변경","자동결제 해제","미처리","일반","다음 자동결제를 중지하는 방법을 문의 (웹 이용)","결제 설정 안내 확인 필요","자동결제 설정 상태와 다음 예정일 확인"
"CX-202608-0097","2026-08-31 09:51:18","2026-08-31 11:08:18","","이메일","가입·온보딩","가입 절차","처리중","일반","가입 신청 후 남은 절차를 확인 요청 (모바일 이용)","가입 절차 안내 확인 필요","가입 단계와 필수 항목 안내"
"CX-202608-0217","2026-08-31 09:53:35","2026-08-31 10:43:35","","전화","서비스 이용","기능 사용법","처리중","일반","이용 중인 기능의 기본 동작 방식을 확인 요청 (첫 이용)","사용법 안내 부족 가능성","기능 도움말 제공 및 설명 보완 항목 기록"
"CX-202608-0419","2026-08-31 09:59:26","","","채팅","기타","일반 문의","미처리","일반","고객지원 이용 방법과 운영 시간을 문의","지원 경로 안내 확인 필요","지원 채널과 답변 확인 경로 안내"
"CX-202608-0029","2026-08-31 10:03:12","","","채팅","계정·접근","비밀번호 재설정","미처리","높음","재설정 링크를 눌러도 다시 로그인 화면으로 이동함 (첫 이용)","사용 경로 확인 필요","재설정 링크와 안내 절차 확인"
"CX-202608-0102","2026-08-31 10:19:26","","","전화","가입·온보딩","초기 설정","미처리","일반","가입 완료 후 초기 설정 메뉴 위치를 찾지 못함 (이용 중 확인)","온보딩 안내 부족 가능성","초기 설정 도움말 제공 및 노출 위치 검토"
"CX-202608-0236","2026-08-31 10:28:17","","","전화","서비스 이용","이용 방법","미처리","일반","자주 사용하는 메뉴에 빠르게 접근하는 방법을 문의 (이용 중 확인)","사용 경로 확인 필요","이용 경로 안내 및 도움말 접근성 검토"
"CX-202608-0401","2026-08-31 11:23:52","","","앱 리뷰","의견·요청","기능 개선 요청","미처리","일반","자주 사용하는 메뉴의 위치를 조정해 달라고 요청 (웹 이용)","이용 동선 확인 필요","활용 맥락 기록 후 개선 검토 목록 연결"
"CX-202608-0182","2026-08-31 11:25:18","2026-08-31 12:43:18","2026-08-31 23:20:56","이메일","결제·환불","결제수단 변경","해결","높음","등록된 결제수단을 삭제하는 방법을 문의 (웹 이용)","결제 설정 경로 확인 필요","결제수단 변경 경로와 적용 시점 안내 결과 기록 및 재문의 여부 확인"
"CX-202608-0220","2026-08-31 11:27:55","","","이메일","서비스 이용","기능 사용법","미처리","일반","도움말을 읽었지만 기능 실행 위치를 찾지 못함 (설정 화면 확인 중)","사용법 안내 부족 가능성","기능 도움말 제공 및 설명 보완 항목 기록"
"CX-202608-0144","2026-08-31 11:42:23","","","채팅","결제·환불","환불 진행상태","미처리","높음","환불 접수 안내를 받았지만 다음 일정이 보이지 않음 (재이용)","진행상태 노출 확인 필요","환불 진행상태 확인 후 예상 일정 안내"
"CX-202608-0417","2026-08-31 12:02:51","2026-08-31 13:15:51","","이메일","기타","일반 문의","처리중","일반","이전 문의 내용을 다시 확인하는 경로를 문의 (모바일 이용)","지원 경로 안내 확인 필요","지원 채널과 답변 확인 경로 안내"
"CX-202608-0301","2026-08-31 12:27:31","2026-08-31 13:01:31","","앱 리뷰","오류·장애","기능 작동 오류","처리중","긴급","저장 버튼을 눌렀지만 변경 내용이 반영되지 않음 (모바일 이용)","추가 로그 확인 필요","발생 시각과 재현 절차 확인 후 담당 이관"
"CX-202608-0110","2026-08-31 13:47:46","2026-08-31 14:12:46","2026-08-31 16:14:31","채팅","가입·온보딩","초기 설정","해결","높음","가입 완료 후 초기 설정 메뉴 위치를 찾지 못함 (안내 확인 후)","온보딩 안내 부족 가능성","초기 설정 도움말 제공 및 노출 위치 검토 결과 기록 및 재문의 여부 확인"
"CX-202608-0404","2026-08-31 13:49:41","2026-08-31 15:22:41","","채팅","의견·요청","불편 의견","처리중","일반","안내 문구가 길어 핵심 내용을 찾기 어렵다는 의견 (모바일 이용)","탐색 불편 가능성","불편 발생 경로를 분류해 운영 검토 요청"
"CX-202608-0261","2026-08-31 14:58:08","","","이메일","서비스 이용","콘텐츠/기능 접근","미처리","일반","현재 이용 상태에서 사용할 수 있는 메뉴를 문의 (첫 이용)","접근 조건 안내 확인 필요","이용 권한과 접근 조건 대조 후 안내"
"CX-202608-0347","2026-08-31 15:16:18","","","이메일","정책·혜택","이용 정책","미처리","일반","정책 변경 안내가 언제 적용되는지 문의 (모바일 이용)","정책 문구 명확성 확인 필요","관련 정책 항목과 적용 시점 안내"
"CX-202608-0252","2026-08-31 16:27:49","2026-08-31 17:10:49","","전화","서비스 이용","기능 사용법","처리중","일반","도움말을 읽었지만 기능 실행 위치를 찾지 못함","사용법 안내 부족 가능성","기능 도움말 제공 및 설명 보완 항목 기록"
"CX-202608-0304","2026-08-31 16:43:38","2026-08-31 17:33:38","","채팅","오류·장애","기능 작동 오류","처리중","높음","저장 버튼을 눌렀지만 변경 내용이 반영되지 않음 (웹 이용)","추가 로그 확인 필요","발생 시각과 재현 절차 확인 후 담당 이관"
"CX-202608-0205","2026-08-31 18:38:17","","","채팅","서비스 이용","설정 변경","미처리","일반","변경한 설정이 다음 이용에도 유지되는지 문의 (첫 이용)","설정 안내 경로 확인 필요","설정 저장 조건과 변경 경로 안내"
"CX-202608-0063","2026-08-31 19:12:59","2026-08-31 21:03:59","","이메일","계정·접근","인증 오류","처리중","일반","인증번호가 늦게 도착해 입력 시간이 만료됨 (웹 이용)","인증 전달 경로 확인 필요","인증 발송 이력과 만료 조건 확인"
"CX-202608-0248","2026-08-31 19:36:01","","","채팅","서비스 이용","기능 사용법","미처리","일반","주요 기능을 처음 사용하는 순서를 문의 (도움말 확인 후)","사용법 안내 부족 가능성","기능 도움말 제공 및 설명 보완 항목 기록"
"CX-202608-0135","2026-08-31 19:48:02","2026-08-31 20:12:02","","채팅","결제·환불","환불 진행상태","처리중","일반","환불 완료 안내와 실제 반영 시점의 차이를 문의 (모바일 이용)","진행상태 노출 확인 필요","환불 진행상태 확인 후 예상 일정 안내"
"CX-202608-0125","2026-08-31 20:00:55","2026-08-31 20:38:55","","전화","결제·환불","결제수단 변경","처리중","일반","결제수단 변경 내용이 언제 적용되는지 문의 (모바일 이용)","결제 설정 경로 확인 필요","결제수단 변경 경로와 적용 시점 안내"
"CX-202608-0328","2026-08-31 21:14:13","2026-08-31 21:32:13","","채팅","해지·변경","자동결제 해제","처리중","일반","자동결제 중지 설정이 반영되었는지 확인 요청","결제 설정 안내 확인 필요","자동결제 설정 상태와 다음 예정일 확인"
"CX-202608-0290","2026-08-31 21:35:42","","","이메일","오류·장애","화면 오류","미처리","일반","일부 화면의 안내 문구가 겹쳐서 보임","화면 표시 오류 확인 필요","화면 환경과 데이터 갱신 상태 확인"
"CX-202608-0153","2026-08-31 22:04:17","","","전화","결제·환불","결제 실패","미처리","일반","결제 완료 화면이 나타나지 않아 이용을 진행하지 못함 (모바일 이용)","결제 상태 확인 필요","승인 내역과 이용 권한 반영 상태 확인"
"CX-202608-0321","2026-08-31 22:57:04","","","전화","해지·변경","서비스 종료 절차","미처리","일반","이용 종료 전 확인할 항목을 문의","종료 절차 안내 확인 필요","종료 절차와 사전 확인 항목 안내"
"CX-202608-0377","2026-08-31 22:59:46","","","이메일","정책·혜택","이용 정책","미처리","일반","이용 정책의 특정 제한 범위를 문의 (모바일 이용)","정책 문구 명확성 확인 필요","관련 정책 항목과 적용 시점 안내"
